Repeat,VAR2,Point,SMU1 Voltage,SMU1 Current,SMU1 Time
1,1,1,-400.00000E-009,914.00000E-012,36.60900E-003
1,1,2,3.12700E-003,-154.00000E-012,81.40600E-003
1,1,3,6.25420E-003,69.00000E-012,108.40000E-003
1,1,4,9.38090E-003,-1.54600E-009,150.72700E-003
1,1,5,12.50810E-003,-1.35100E-009,192.34000E-003
1,1,6,15.63470E-003,749.00000E-012,216.21400E-003
1,1,7,18.76210E-003,32.00000E-012,261.37600E-003
1,1,8,21.88910E-003,243.00000E-012,303.52200E-003
1,1,9,25.01650E-003,-85.00000E-012,327.41300E-003
1,1,10,28.14270E-003,-1.04700E-009,369.43800E-003
1,1,11,31.26980E-003,-1.84700E-009,411.48600E-003
1,1,12,34.39600E-003,-170.00000E-012,460.64000E-003
1,1,13,37.52320E-003,-185.00000E-012,502.27700E-003
1,1,14,40.64860E-003,-77.00000E-012,527.19200E-003
1,1,15,43.77670E-003,-1.30400E-009,590.14000E-003
1,1,16,46.90400E-003,-1.21700E-009,632.06600E-003
1,1,17,50.03100E-003,244.00000E-012,655.94300E-003
1,1,18,53.15810E-003,149.00000E-012,679.81000E-003
1,1,19,56.28500E-003,-550.00000E-012,721.36500E-003
1,1,20,59.41170E-003,-868.00000E-012,762.90100E-003
1,1,21,62.53900E-003,137.00000E-012,786.76500E-003
1,1,22,65.66590E-003,-492.00000E-012,829.91200E-003
1,1,23,68.79270E-003,-1.29500E-009,871.88400E-003
1,1,24,71.91980E-003,-589.00000E-012,913.38700E-003
1,1,25,75.04730E-003,43.00000E-012,937.26000E-003
1,1,26,78.17400E-003,1.15400E-009,981.67500E-003
1,1,27,81.30050E-003,-92.00000E-012,1.00560E+000
1,1,28,84.42790E-003,-637.00000E-012,1.04909E+000
1,1,29,87.55460E-003,-1.68400E-009,1.09091E+000
1,1,30,90.68190E-003,-541.00000E-012,1.15285E+000
1,1,31,93.80880E-003,151.00000E-012,1.17674E+000
1,1,32,96.93580E-003,-1.08500E-009,1.22043E+000
1,1,33,100.06280E-003,-653.00000E-012,1.26227E+000
1,1,34,103.18800E-003,51.00000E-012,1.28744E+000
1,1,35,106.31590E-003,-667.00000E-012,1.32918E+000
1,1,36,109.44280E-003,-1.27500E-009,1.37174E+000
1,1,37,112.56970E-003,-1.00000E-009,1.42027E+000
1,1,38,115.69670E-003,-1.20400E-009,1.46229E+000
1,1,39,118.82380E-003,4.00000E-012,1.48749E+000
1,1,40,121.95090E-003,-755.00000E-012,1.52919E+000
1,1,41,125.07770E-003,-1.51500E-009,1.57084E+000
1,1,42,128.20480E-003,-711.00000E-012,1.61257E+000
1,1,43,131.33190E-003,-199.00000E-012,1.63749E+000
1,1,44,134.45880E-003,-2.08500E-009,1.69979E+000
1,1,45,137.58590E-003,-199.00000E-012,1.74150E+000
1,1,46,140.71280E-003,85.00000E-012,1.76537E+000
1,1,47,143.83990E-003,-604.00000E-012,1.80904E+000
1,1,48,146.96680E-003,-906.00000E-012,1.85171E+000
1,1,49,150.09400E-003,41.00000E-012,1.90051E+000
1,1,50,153.22110E-003,-839.00000E-012,1.94232E+000
1,1,51,156.34900E-003,12.00000E-012,1.96721E+000
1,1,52,159.47470E-003,-592.00000E-012,2.00897E+000
1,1,53,162.60190E-003,-1.25500E-009,2.05147E+000
1,1,54,165.72900E-003,-52.00000E-012,2.10047E+000
1,1,55,168.85580E-003,618.00000E-012,2.14230E+000
1,1,56,171.98110E-003,-47.00000E-012,2.16746E+000
1,1,57,175.10860E-003,-579.00000E-012,2.20919E+000
1,1,58,178.23840E-003,19.00000E-012,2.24614E+000
1,1,59,181.36280E-003,-601.00000E-012,2.28890E+000
1,1,60,184.48970E-003,-1.44400E-009,2.33082E+000
1,1,61,187.61700E-003,-587.00000E-012,2.37285E+000
1,1,62,190.74400E-003,-714.00000E-012,2.39739E+000
1,1,63,193.87100E-003,-272.00000E-012,2.44081E+000
1,1,64,196.99780E-003,-62.00000E-012,2.48238E+000
1,1,65,200.12710E-003,-161.00000E-012,2.50625E+000
1,1,66,203.25190E-003,-540.00000E-012,2.54976E+000
1,1,67,206.37900E-003,-1.00000E-009,2.59165E+000
1,1,68,209.50590E-003,-408.00000E-012,2.63317E+000
1,1,69,212.62900E-003,1.36800E-009,2.65705E+000
1,1,70,215.76000E-003,787.00000E-012,2.70042E+000
1,1,71,218.89000E-003,715.00000E-012,2.74197E+000
1,1,72,222.00900E-003,-1.92800E-009,2.79063E+000
1,1,73,225.14000E-003,20.00000E-012,2.84048E+000
1,1,74,228.27000E-003,-1.11700E-009,2.88211E+000
1,1,75,231.39200E-003,13.00000E-012,2.90597E+000
1,1,76,234.52000E-003,-609.00000E-012,2.94938E+000
1,1,77,237.64900E-003,-2.15500E-009,2.99122E+000
1,1,78,240.78000E-003,-418.00000E-012,3.03276E+000
1,1,79,243.89900E-003,668.00000E-012,3.05670E+000
1,1,80,247.02900E-003,213.00000E-012,3.10142E+000
1,1,81,250.16000E-003,-11.00000E-012,3.12525E+000
1,1,82,253.28000E-003,-446.00000E-012,3.16883E+000
1,1,83,256.40900E-003,-1.86600E-009,3.21062E+000
1,1,84,259.54000E-003,-705.00000E-012,3.25228E+000
1,1,85,262.66000E-003,-603.00000E-012,3.31287E+000
1,1,86,265.79000E-003,-899.00000E-012,3.33675E+000
1,1,87,268.91900E-003,-430.00000E-012,3.38054E+000
1,1,88,272.05000E-003,-234.00000E-012,3.42213E+000
1,1,89,275.17000E-003,6.00000E-012,3.44602E+000
1,1,90,278.29900E-003,-539.00000E-012,3.48877E+000
1,1,91,281.42900E-003,-2.23000E-009,3.53132E+000
1,1,92,284.55000E-003,-264.00000E-012,3.58059E+000
1,1,93,287.68000E-003,-724.00000E-012,3.62229E+000
1,1,94,290.81000E-003,-191.00000E-012,3.64720E+000
1,1,95,293.93000E-003,-750.00000E-012,3.68893E+000
1,1,96,297.05900E-003,-1.98600E-009,3.73073E+000
1,1,97,300.19000E-003,-319.00000E-012,3.77260E+000
1,1,98,303.31000E-003,-504.00000E-012,3.84042E+000
1,1,99,306.44000E-003,-536.00000E-012,3.88883E+000
1,1,100,309.56900E-003,-2.09100E-009,3.93094E+000
1,1,101,312.70000E-003,-343.00000E-012,3.97264E+000
1,1,102,315.82000E-003,-181.00000E-012,3.99726E+000
1,1,103,318.94900E-003,495.00000E-012,4.04066E+000
1,1,104,322.08000E-003,-399.00000E-012,4.08228E+000
1,1,105,325.20000E-003,92.00000E-012,4.10724E+000
1,1,106,328.32900E-003,-638.00000E-012,4.14879E+000
1,1,107,331.46000E-003,-2.06600E-009,4.19071E+000
1,1,108,334.58000E-003,-350.00000E-012,4.23232E+000
1,1,109,337.71000E-003,465.00000E-012,4.25745E+000
1,1,110,340.84000E-003,386.00000E-012,4.30086E+000
1,1,111,343.96000E-003,322.00000E-012,4.34239E+000
1,1,112,347.08900E-003,80.00000E-012,4.38606E+000
1,1,113,350.22000E-003,-600.00000E-012,4.42895E+000
1,1,114,353.34900E-003,-2.16600E-009,4.47077E+000
1,1,115,356.47000E-003,-280.00000E-012,4.51257E+000
1,1,116,359.60000E-003,-466.00000E-012,4.53749E+000
1,1,117,362.73000E-003,-935.00000E-012,4.58019E+000
1,1,118,365.85000E-003,359.00000E-012,4.62237E+000
1,1,119,368.98000E-003,109.00000E-012,4.64626E+000
1,1,120,372.10900E-003,-605.00000E-012,4.68926E+000
1,1,121,375.23000E-003,-2.13600E-009,4.73081E+000
1,1,122,378.36000E-003,-385.00000E-012,4.77292E+000
1,1,123,381.48900E-003,55.00000E-012,4.79772E+000
1,1,124,384.62000E-003,243.00000E-012,4.84039E+000
1,1,125,387.74000E-003,-360.00000E-012,4.88207E+000
1,1,126,390.86900E-003,214.00000E-012,4.90594E+000
1,1,127,394.00000E-003,-1.51200E-009,4.95167E+000
1,1,128,397.12000E-003,322.00000E-012,4.97553E+000
1,1,129,400.25000E-003,-936.00000E-012,4.99939E+000
1,1,130,403.38000E-003,86.00000E-012,5.04094E+000
1,1,131,406.49900E-003,-87.00000E-012,5.08286E+000
1,1,132,409.63000E-003,83.00000E-012,5.10776E+000
1,1,133,412.75900E-003,-1.57600E-009,5.14966E+000
1,1,134,415.87900E-003,-1.49400E-009,5.19175E+000
1,1,135,419.01000E-003,-529.00000E-012,5.21567E+000
1,1,136,422.14000E-003,1.04400E-009,5.23953E+000
1,1,137,425.26900E-003,534.00000E-012,5.28106E+000
1,1,138,428.39100E-003,-38.00000E-012,5.30653E+000
1,1,139,431.52000E-003,-580.00000E-012,5.34859E+000
1,1,140,434.64900E-003,-1.98900E-009,5.39042E+000
1,1,141,437.77000E-003,-475.00000E-012,5.43233E+000
1,1,142,440.90000E-003,-187.00000E-012,5.45723E+000
1,1,143,444.03000E-003,44.00000E-012,5.50051E+000
1,1,144,447.15000E-003,-336.00000E-012,5.54212E+000
1,1,145,450.28200E-003,68.00000E-012,5.56598E+000
1,1,146,453.40900E-003,-611.00000E-012,5.60909E+000
1,1,147,456.53900E-003,-2.19100E-009,5.65095E+000
1,1,148,459.66000E-003,-414.00000E-012,5.69248E+000
1,1,149,462.79000E-003,335.00000E-012,5.71636E+000
1,1,150,465.92000E-003,552.00000E-012,5.76084E+000
1,1,151,469.03900E-003,-311.00000E-012,5.80297E+000
1,1,152,472.17000E-003,125.00000E-012,5.82685E+000
1,1,153,475.29900E-003,-798.00000E-012,5.86890E+000
1,1,154,478.41900E-003,-1.39900E-009,5.91170E+000
1,1,155,481.55000E-003,-276.00000E-012,5.93558E+000
1,1,156,484.68000E-003,-484.00000E-012,5.97989E+000
1,1,157,487.80000E-003,-606.00000E-012,6.02154E+000
1,1,158,490.93200E-003,8.00000E-012,6.04541E+000
1,1,159,494.05900E-003,-744.00000E-012,6.08873E+000
1,1,160,497.19000E-003,-1.22300E-009,6.13170E+000
1,1,161,500.31000E-003,-586.00000E-012,6.15561E+000
1,1,162,503.44000E-003,1.16500E-009,6.17948E+000
1,1,163,506.57000E-003,291.00000E-012,6.22149E+000
1,1,164,509.69000E-003,-27.00000E-012,6.24532E+000
1,1,165,512.82000E-003,-624.00000E-012,6.28862E+000
1,1,166,515.94900E-003,-1.97400E-009,6.33062E+000
1,1,167,519.07000E-003,-392.00000E-012,6.37225E+000
1,1,168,522.19900E-003,492.00000E-012,6.39692E+000
1,1,169,525.33000E-003,-16.00000E-012,6.44040E+000
1,1,170,528.46000E-003,789.00000E-012,6.50138E+000
1,1,171,531.58000E-003,-20.00000E-012,6.52529E+000
1,1,172,534.70900E-003,-1.93900E-009,6.57032E+000
1,1,173,537.84000E-003,-416.00000E-012,6.61212E+000
1,1,174,540.96000E-003,-774.00000E-012,6.63734E+000
1,1,175,544.09000E-003,-543.00000E-012,6.68037E+000
1,1,176,547.22000E-003,-1.15600E-009,6.72204E+000
1,1,177,550.33800E-003,37.00000E-012,6.74591E+000
1,1,178,553.47000E-003,-614.00000E-012,6.78920E+000
1,1,179,556.59900E-003,-2.15000E-009,6.83097E+000
1,1,180,559.72000E-003,-315.00000E-012,6.87257E+000
1,1,181,562.85000E-003,-153.00000E-012,6.89644E+000
1,1,182,565.98000E-003,-397.00000E-012,6.94092E+000
1,1,183,569.11000E-003,-706.00000E-012,6.98256E+000
1,1,184,572.22800E-003,194.00000E-012,7.00643E+000
1,1,185,575.36000E-003,-707.00000E-012,7.06856E+000
1,1,186,578.48900E-003,-2.11800E-009,7.11088E+000
1,1,187,581.61000E-003,-446.00000E-012,7.15255E+000
1,1,188,584.74000E-003,-476.00000E-012,7.17643E+000
1,1,189,587.87000E-003,-774.00000E-012,7.22102E+000
1,1,190,590.98900E-003,-64.00000E-012,7.24486E+000
1,1,191,594.12000E-003,-677.00000E-012,7.28852E+000
1,1,192,597.24900E-003,-2.09200E-009,7.33041E+000
1,1,193,600.38000E-003,-395.00000E-012,7.37259E+000
1,1,194,603.50000E-003,-244.00000E-012,7.39757E+000
1,1,195,606.63000E-003,-396.00000E-012,7.44011E+000
1,1,196,609.76000E-003,392.00000E-012,7.48187E+000
1,1,197,612.88000E-003,60.00000E-012,7.50574E+000
1,1,198,616.01000E-003,129.00000E-012,7.56896E+000
1,1,199,619.13900E-003,-1.97800E-009,7.61080E+000
1,1,200,622.26000E-003,-303.00000E-012,7.65234E+000
1,1,201,625.38900E-003,556.00000E-012,7.67622E+000
1,1,202,628.52000E-003,437.00000E-012,7.72071E+000
1,1,203,631.64000E-003,628.00000E-012,7.76240E+000
1,1,204,634.76800E-003,-49.00000E-012,7.78626E+000
1,1,205,637.90000E-003,-994.00000E-012,7.82882E+000
1,1,206,641.02900E-003,-2.20200E-009,7.87084E+000
1,1,207,644.15000E-003,-385.00000E-012,7.91238E+000
1,1,208,647.28000E-003,272.00000E-012,7.93624E+000
1,1,209,650.41000E-003,295.00000E-012,7.98137E+000
1,1,210,653.53000E-003,-39.00000E-012,8.00523E+000
1,1,211,656.65900E-003,-593.00000E-012,8.04838E+000
1,1,212,659.78900E-003,-2.00400E-009,8.09029E+000
1,1,213,662.91000E-003,-408.00000E-012,8.11606E+000
1,1,214,666.04000E-003,-270.00000E-012,8.16001E+000
1,1,215,669.17000E-003,-65.00000E-012,8.20180E+000
1,1,216,672.30000E-003,132.00000E-012,8.22566E+000
1,1,217,675.42000E-003,-585.00000E-012,8.26878E+000
1,1,218,678.54900E-003,-2.13200E-009,8.31102E+000
1,1,219,681.68000E-003,-390.00000E-012,8.35256E+000
1,1,220,684.80000E-003,-714.00000E-012,8.37643E+000
1,1,221,687.92900E-003,-286.00000E-012,8.42107E+000
1,1,222,691.06000E-003,-24.00000E-012,8.44489E+000
1,1,223,694.17900E-003,-613.00000E-012,8.48833E+000
1,1,224,697.30900E-003,-1.85200E-009,8.53040E+000
1,1,225,700.44000E-003,-458.00000E-012,8.57209E+000
1,1,226,703.56000E-003,-333.00000E-012,8.59596E+000
1,1,227,706.69000E-003,164.00000E-012,8.66000E+000
1,1,228,709.82000E-003,-156.00000E-012,8.70211E+000
1,1,229,712.94900E-003,152.00000E-012,8.72693E+000
1,1,230,716.07000E-003,-793.00000E-012,8.76849E+000
1,1,231,719.19900E-003,-1.99100E-009,8.81032E+000
1,1,232,722.33000E-003,-419.00000E-012,8.85206E+000
1,1,233,725.45000E-003,-1.01100E-009,8.87616E+000
1,1,234,728.58000E-003,500.00000E-012,8.91994E+000
1,1,235,731.71000E-003,-481.00000E-012,8.96200E+000
1,1,236,734.83000E-003,9.00000E-012,8.98588E+000
1,1,237,737.96000E-003,-627.00000E-012,9.02921E+000
1,1,238,741.08900E-003,-2.06500E-009,9.07095E+000
1,1,239,744.22000E-003,-404.00000E-012,9.11248E+000
1,1,240,747.34000E-003,281.00000E-012,9.13662E+000
1,1,241,750.47000E-003,-1.37000E-009,9.18095E+000
1,1,242,753.60000E-003,203.00000E-012,9.20481E+000
1,1,243,756.72000E-003,-669.00000E-012,9.24871E+000
1,1,244,759.84900E-003,-1.80400E-009,9.29100E+000
1,1,245,762.98000E-003,-335.00000E-012,9.34066E+000
1,1,246,766.10100E-003,-7.00000E-012,9.36450E+000
1,1,247,769.23000E-003,-700.00000E-012,9.40838E+000
1,1,248,772.35900E-003,-2.07700E-009,9.45039E+000
1,1,249,775.48000E-003,-413.00000E-012,9.49220E+000
1,1,250,778.61000E-003,-1.41300E-009,9.51736E+000
1,1,251,781.73900E-003,-193.00000E-012,9.55963E+000
1,1,252,784.87000E-003,-722.00000E-012,9.60161E+000
1,1,253,787.98900E-003,-8.00000E-012,9.62552E+000
1,1,254,791.11900E-003,-772.00000E-012,9.68828E+000
1,1,255,794.24900E-003,-1.93400E-009,9.73102E+000
1,1,256,797.37000E-003,141.00000E-012,9.75490E+000
1,1,257,800.50000E-003,-552.00000E-012,9.77905E+000
1,1,258,803.62900E-003,-449.00000E-012,9.82151E+000
1,1,259,806.75000E-003,144.00000E-012,9.84538E+000
1,1,260,809.88000E-003,-666.00000E-012,9.88848E+000
1,1,261,813.00900E-003,-2.11000E-009,9.93079E+000
1,1,262,816.14000E-003,-416.00000E-012,9.97230E+000
1,1,263,819.25900E-003,107.00000E-012,9.99615E+000
1,1,264,822.39000E-003,296.00000E-012,10.04010E+000
1,1,265,825.51900E-003,-691.00000E-012,10.08192E+000
1,1,266,828.64000E-003,167.00000E-012,10.10579E+000
1,1,267,831.76900E-003,-1.27500E-009,10.14875E+000
1,1,268,834.89900E-003,-1.29300E-009,10.19121E+000
1,1,269,838.02000E-003,-498.00000E-012,10.23525E+000
1,1,270,841.15000E-003,217.00000E-012,10.25910E+000
1,1,271,844.27900E-003,-19.00000E-012,10.28518E+000
1,1,272,847.39900E-003,-566.00000E-012,10.32858E+000
1,1,273,850.53000E-003,-1.65300E-009,10.37101E+000
1,1,274,853.65900E-003,506.00000E-012,10.39489E+000
1,1,275,856.78900E-003,-861.00000E-012,10.41909E+000
1,1,276,859.91000E-003,-634.00000E-012,10.46806E+000
1,1,277,863.03900E-003,-1.72600E-009,10.51055E+000
1,1,278,866.17000E-003,-433.00000E-012,10.55216E+000
1,1,279,869.28900E-003,-115.00000E-012,10.57603E+000
1,1,280,872.42000E-003,375.00000E-012,10.61958E+000
1,1,281,875.55000E-003,-554.00000E-012,10.66173E+000
1,1,282,878.66900E-003,187.00000E-012,10.68565E+000
1,1,283,881.79900E-003,-548.00000E-012,10.72801E+000
1,1,284,884.93000E-003,344.00000E-012,10.75881E+000
1,1,285,888.06000E-003,-144.00000E-012,10.80074E+000
1,1,286,891.18100E-003,126.00000E-012,10.82459E+000
1,1,287,894.31000E-003,-603.00000E-012,10.86800E+000
1,1,288,897.43900E-003,-1.84600E-009,10.91015E+000
1,1,289,900.55900E-003,-434.00000E-012,10.95187E+000
1,1,290,903.69000E-003,16.00000E-012,10.97572E+000
1,1,291,906.82000E-003,-671.00000E-012,11.01977E+000
1,1,292,909.94000E-003,-817.00000E-012,11.06202E+000
1,1,293,913.07100E-003,130.00000E-012,11.08635E+000
1,1,294,916.19900E-003,-1.37800E-009,11.12878E+000
1,1,295,919.31900E-003,-942.00000E-012,11.17123E+000
1,1,296,922.45000E-003,-149.00000E-012,11.19507E+000
1,1,297,925.57900E-003,-222.00000E-012,11.23954E+000
1,1,298,928.71000E-003,993.00000E-012,11.30047E+000
1,1,299,931.83000E-003,0.00000E+000,11.32433E+000
1,1,300,934.96000E-003,-563.00000E-012,11.36867E+000
1,1,301,938.09000E-003,-1.34700E-009,11.41101E+000
1,1,302,941.21000E-003,160.00000E-012,11.43488E+000
1,1,303,944.34000E-003,375.00000E-012,11.45900E+000
1,1,304,947.47000E-003,-20.00000E-012,11.50071E+000
1,1,305,950.59000E-003,-5.00000E-012,11.52459E+000
1,1,306,953.72000E-003,-636.00000E-012,11.56795E+000
1,1,307,956.85000E-003,-1.89200E-009,11.60997E+000
1,1,308,959.97000E-003,-457.00000E-012,11.65186E+000
1,1,309,963.10000E-003,129.00000E-012,11.67575E+000
1,1,310,966.23000E-003,-1.02400E-009,11.71963E+000
1,1,311,969.36000E-003,-199.00000E-012,11.76155E+000
1,1,312,972.48100E-003,-27.00000E-012,11.80523E+000
1,1,313,975.61000E-003,-639.00000E-012,11.84791E+000
1,1,314,978.73900E-003,-2.14900E-009,11.89002E+000
1,1,315,981.86000E-003,-384.00000E-012,11.93170E+000
1,1,316,984.99000E-003,-324.00000E-012,11.95565E+000
1,1,317,988.12000E-003,-353.00000E-012,11.99934E+000
1,1,318,991.24000E-003,936.00000E-012,12.04097E+000
1,1,319,994.37000E-003,21.00000E-012,12.06484E+000
1,1,320,997.50000E-003,-559.00000E-012,12.10819E+000
1,1,321,1.00063E+000,-1.77800E-009,12.15075E+000
1,1,322,1.00375E+000,-424.00000E-012,12.17463E+000
1,1,323,1.00688E+000,535.00000E-012,12.19900E+000
1,1,324,1.01001E+000,-243.00000E-012,12.24105E+000
1,1,325,1.01313E+000,169.00000E-012,12.26492E+000
1,1,326,1.01626E+000,-1.10300E-009,12.32893E+000
1,1,327,1.01939E+000,-990.00000E-012,12.37102E+000
1,1,328,1.02251E+000,-236.00000E-012,12.39490E+000
1,1,329,1.02564E+000,-508.00000E-012,12.43927E+000
1,1,330,1.02877E+000,-998.00000E-012,12.48151E+000
1,1,331,1.03189E+000,189.00000E-012,12.50535E+000
1,1,332,1.03502E+000,-473.00000E-012,12.54777E+000
1,1,333,1.03815E+000,-2.04800E-009,12.59004E+000
1,1,334,1.04128E+000,-403.00000E-012,12.63176E+000
1,1,335,1.04440E+000,-56.00000E-012,12.65572E+000
1,1,336,1.04753E+000,-814.00000E-012,12.69924E+000
1,1,337,1.05066E+000,-549.00000E-012,12.74087E+000
1,1,338,1.05378E+000,127.00000E-012,12.76473E+000
1,1,339,1.05691E+000,-464.00000E-012,12.80865E+000
1,1,340,1.06004E+000,-1.00200E-009,12.85109E+000
1,1,341,1.06316E+000,255.00000E-012,12.87673E+000
1,1,342,1.06629E+000,119.00000E-012,12.91951E+000
1,1,343,1.06942E+000,520.00000E-012,12.96138E+000
1,1,344,1.07255E+000,66.00000E-012,12.98526E+000
1,1,345,1.07567E+000,-638.00000E-012,13.02782E+000
1,1,346,1.07880E+000,-2.05500E-009,13.06983E+000
1,1,347,1.08193E+000,-409.00000E-012,13.11169E+000
1,1,348,1.08505E+000,-164.00000E-012,13.13570E+000
1,1,349,1.08818E+000,1.06200E-009,13.17920E+000
1,1,350,1.09131E+000,439.00000E-012,13.22085E+000
1,1,351,1.09443E+000,47.00000E-012,13.24478E+000
1,1,352,1.09756E+000,-547.00000E-012,13.28828E+000
1,1,353,1.10069E+000,-1.60600E-009,13.33074E+000
1,1,354,1.10381E+000,205.00000E-012,13.35463E+000
1,1,355,1.10694E+000,-385.00000E-012,13.41926E+000
1,1,356,1.11007E+000,-720.00000E-012,13.46772E+000
1,1,357,1.11320E+000,-2.21400E-009,13.51004E+000
1,1,358,1.11632E+000,-475.00000E-012,13.55169E+000
1,1,359,1.11945E+000,320.00000E-012,13.57573E+000
1,1,360,1.12258E+000,1.25000E-009,13.61942E+000
1,1,361,1.12570E+000,615.00000E-012,13.66176E+000
1,1,362,1.12883E+000,27.00000E-012,13.68568E+000
1,1,363,1.13196E+000,-687.00000E-012,13.72768E+000
1,1,364,1.13508E+000,-2.17800E-009,13.77020E+000
1,1,365,1.13821E+000,-367.00000E-012,13.81203E+000
1,1,366,1.14134E+000,-384.00000E-012,13.83616E+000
1,1,367,1.14447E+000,674.00000E-012,13.87931E+000
1,1,368,1.14759E+000,-125.00000E-012,13.92137E+000
1,1,369,1.15072E+000,2.00000E-012,13.96669E+000
1,1,370,1.15385E+000,-1.32700E-009,14.00825E+000
1,1,371,1.15697E+000,-2.18200E-009,14.05030E+000
1,1,372,1.16010E+000,-438.00000E-012,14.09911E+000
1,1,373,1.16323E+000,-805.00000E-012,14.14101E+000
1,1,374,1.16635E+000,92.00000E-012,14.16487E+000
1,1,375,1.16948E+000,-540.00000E-012,14.20791E+000
1,1,376,1.17261E+000,-1.93600E-009,14.25044E+000
1,1,377,1.17573E+000,-407.00000E-012,14.29195E+000
1,1,378,1.17886E+000,-110.00000E-012,14.31582E+000
1,1,379,1.18199E+000,-507.00000E-012,14.35914E+000
1,1,380,1.18512E+000,341.00000E-012,14.40079E+000
1,1,381,1.18824E+000,25.00000E-012,14.42466E+000
1,1,382,1.19137E+000,121.00000E-012,14.48782E+000
1,1,383,1.19450E+000,-2.21100E-009,14.52986E+000
1,1,384,1.19762E+000,-1.11800E-009,14.57966E+000
1,1,385,1.20075E+000,665.00000E-012,14.62153E+000
1,1,386,1.20388E+000,-18.00000E-012,14.64540E+000
1,1,387,1.20700E+000,-906.00000E-012,14.68787E+000
1,1,388,1.21013E+000,-2.06500E-009,14.72969E+000
1,1,389,1.21326E+000,-411.00000E-012,14.77152E+000
1,1,390,1.21639E+000,-141.00000E-012,14.79539E+000
1,1,391,1.21951E+000,-836.00000E-012,14.83901E+000
1,1,392,1.22264E+000,585.00000E-012,14.88170E+000
1,1,393,1.22577E+000,50.00000E-012,14.90562E+000
1,1,394,1.22889E+000,-656.00000E-012,14.94761E+000
1,1,395,1.23202E+000,-1.93000E-009,14.98914E+000
1,1,396,1.23515E+000,-407.00000E-012,15.05161E+000
1,1,397,1.23827E+000,457.00000E-012,15.07551E+000
1,1,398,1.24140E+000,-393.00000E-012,15.11881E+000
1,1,399,1.24453E+000,2.13800E-009,15.16171E+000
1,1,400,1.24765E+000,91.00000E-012,15.18563E+000
1,1,401,1.25078E+000,-458.00000E-012,15.22746E+000
1,1,402,1.25391E+000,-2.22500E-009,15.26965E+000
1,1,403,1.25704E+000,-386.00000E-012,15.31139E+000
1,1,404,1.26016E+000,-1.25000E-009,15.33525E+000
1,1,405,1.26329E+000,906.00000E-012,15.37904E+000
1,1,406,1.26642E+000,-234.00000E-012,15.42077E+000
1,1,407,1.26954E+000,115.00000E-012,15.44463E+000
1,1,408,1.27267E+000,-695.00000E-012,15.48795E+000
1,1,409,1.27580E+000,-447.00000E-012,15.53126E+000
1,1,410,1.27892E+000,364.00000E-012,15.55515E+000
1,1,411,1.28205E+000,265.00000E-012,15.61878E+000
1,1,412,1.28518E+000,61.00000E-012,15.66168E+000
1,1,413,1.28831E+000,152.00000E-012,15.68561E+000
1,1,414,1.29143E+000,-523.00000E-012,15.72731E+000
1,1,415,1.29456E+000,-2.11800E-009,15.76959E+000
1,1,416,1.29769E+000,-488.00000E-012,15.81143E+000
1,1,417,1.30081E+000,318.00000E-012,15.83527E+000
1,1,418,1.30394E+000,433.00000E-012,15.87897E+000
1,1,419,1.30707E+000,-129.00000E-012,15.92069E+000
1,1,420,1.31019E+000,68.00000E-012,15.94462E+000
1,1,421,1.31332E+000,-556.00000E-012,15.98807E+000
1,1,422,1.31645E+000,-719.00000E-012,16.03072E+000
1,1,423,1.31957E+000,311.00000E-012,16.05459E+000
1,1,424,1.32270E+000,920.00000E-012,16.11956E+000
1,1,425,1.32583E+000,-55.00000E-012,16.14349E+000
1,1,426,1.32896E+000,-653.00000E-012,16.18736E+000
1,1,427,1.33208E+000,-2.17400E-009,16.22960E+000
1,1,428,1.33521E+000,-452.00000E-012,16.27152E+000
1,1,429,1.33834E+000,-829.00000E-012,16.29581E+000
1,1,430,1.34146E+000,57.00000E-012,16.33866E+000
1,1,431,1.34459E+000,-541.00000E-012,16.38054E+000
1,1,432,1.34772E+000,104.00000E-012,16.40442E+000
1,1,433,1.35084E+000,-533.00000E-012,16.44813E+000
1,1,434,1.35397E+000,-842.00000E-012,16.49073E+000
1,1,435,1.35710E+000,830.00000E-012,16.51460E+000
1,1,436,1.36023E+000,140.00000E-012,16.55902E+000
1,1,437,1.36335E+000,-797.00000E-012,16.60738E+000
1,1,438,1.36648E+000,-783.00000E-012,16.66816E+000
1,1,439,1.36961E+000,-554.00000E-012,16.71073E+000
1,1,440,1.37273E+000,624.00000E-012,16.73460E+000
1,1,441,1.37586E+000,-520.00000E-012,16.77875E+000
1,1,442,1.37899E+000,-517.00000E-012,16.82124E+000
1,1,443,1.38211E+000,175.00000E-012,16.84508E+000
1,1,444,1.38524E+000,-621.00000E-012,16.88731E+000
1,1,445,1.38837E+000,-2.10700E-009,16.92958E+000
1,1,446,1.39149E+000,-440.00000E-012,16.97114E+000
1,1,447,1.39462E+000,-522.00000E-012,16.99499E+000
1,1,448,1.39775E+000,-404.00000E-012,17.03854E+000
1,1,449,1.40088E+000,-1.41900E-009,17.08041E+000
1,1,450,1.40400E+000,200.00000E-012,17.10428E+000
1,1,451,1.40713E+000,-658.00000E-012,17.14806E+000
1,1,452,1.41026E+000,31.00000E-012,17.21193E+000
1,1,453,1.41338E+000,-1.19300E-009,17.23580E+000
1,1,454,1.41651E+000,113.00000E-012,17.27926E+000
1,1,455,1.41964E+000,-161.00000E-012,17.32126E+000
1,1,456,1.42276E+000,221.00000E-012,17.34512E+000
1,1,457,1.42589E+000,-971.00000E-012,17.38757E+000
1,1,458,1.42902E+000,-1.80100E-009,17.43006E+000
1,1,459,1.43215E+000,733.00000E-012,17.47873E+000
1,1,460,1.43527E+000,471.00000E-012,17.52116E+000
1,1,461,1.43840E+000,195.00000E-012,17.54500E+000
1,1,462,1.44153E+000,-681.00000E-012,17.58726E+000
1,1,463,1.44465E+000,-1.93700E-009,17.62880E+000
1,1,464,1.44778E+000,-514.00000E-012,17.67171E+000
1,1,465,1.45091E+000,1.52700E-009,17.69565E+000
1,1,466,1.45403E+000,-918.00000E-012,17.76049E+000
1,1,467,1.45716E+000,130.00000E-012,17.78438E+000
1,1,468,1.46029E+000,-569.00000E-012,17.82724E+000
1,1,469,1.46341E+000,-2.21800E-009,17.86947E+000
1,1,470,1.46654E+000,-388.00000E-012,17.91153E+000
1,1,471,1.46967E+000,-525.00000E-012,17.93538E+000
1,1,472,1.47280E+000,-904.00000E-012,17.97865E+000
1,1,473,1.47592E+000,-99.00000E-012,18.02048E+000
1,1,474,1.47905E+000,70.00000E-012,18.04435E+000
1,1,475,1.48218E+000,-570.00000E-012,18.08793E+000
1,1,476,1.48530E+000,-1.28600E-009,18.13039E+000
1,1,477,1.48843E+000,1.11800E-009,18.15445E+000
1,1,478,1.49156E+000,-1.15400E-009,18.19853E+000
1,1,479,1.49468E+000,1.71700E-009,18.24091E+000
1,1,480,1.49781E+000,-25.00000E-012,18.26567E+000
1,1,481,1.50094E+000,-445.00000E-012,18.32708E+000
1,1,482,1.50407E+000,-423.00000E-012,18.37171E+000
1,1,483,1.50719E+000,-402.00000E-012,18.39562E+000
1,1,484,1.51032E+000,235.00000E-012,18.43891E+000
1,1,485,1.51345E+000,-904.00000E-012,18.48087E+000
1,1,486,1.51657E+000,43.00000E-012,18.50474E+000
1,1,487,1.51970E+000,-649.00000E-012,18.54810E+000
1,1,488,1.52283E+000,-349.00000E-012,18.59070E+000
1,1,489,1.52595E+000,-653.00000E-012,18.61457E+000
1,1,490,1.52908E+000,133.00000E-012,18.65868E+000
1,1,491,1.53221E+000,-721.00000E-012,18.70124E+000
1,1,492,1.53533E+000,351.00000E-012,18.72508E+000
1,1,493,1.53846E+000,-500.00000E-012,18.76710E+000
1,1,494,1.54159E+000,-33.00000E-012,18.82917E+000
1,1,495,1.54472E+000,-439.00000E-012,18.87097E+000
1,1,496,1.54784E+000,-884.00000E-012,18.89484E+000
1,1,497,1.55097E+000,-128.00000E-012,18.93854E+000
1,1,498,1.55410E+000,79.00000E-012,18.98099E+000
1,1,499,1.55722E+000,71.00000E-012,19.00486E+000
1,1,500,1.56035E+000,-573.00000E-012,19.04709E+000
1,1,501,1.56348E+000,-2.23600E-009,19.08958E+000
1,1,502,1.56660E+000,-487.00000E-012,19.13144E+000
1,1,503,1.56973E+000,-477.00000E-012,19.15536E+000
1,1,504,1.57286E+000,-42.00000E-012,19.19862E+000
1,1,505,1.57598E+000,653.00000E-012,19.24073E+000
1,1,506,1.57911E+000,115.00000E-012,19.26460E+000
1,1,507,1.58224E+000,-476.00000E-012,19.30762E+000
1,1,508,1.58537E+000,-2.11400E-009,19.34927E+000
1,1,509,1.58849E+000,424.00000E-012,19.37687E+000
1,1,510,1.59162E+000,237.00000E-012,19.41863E+000
1,1,511,1.59475E+000,1.35500E-009,19.46030E+000
1,1,512,1.59787E+000,152.00000E-012,19.48416E+000
1,1,513,1.60100E+000,-569.00000E-012,19.52797E+000
1,1,514,1.60413E+000,-1.35900E-009,19.57041E+000
1,1,515,1.60725E+000,278.00000E-012,19.59469E+000
1,1,516,1.61038E+000,-415.00000E-012,19.63870E+000
1,1,517,1.61351E+000,236.00000E-012,19.68126E+000
1,1,518,1.61664E+000,82.00000E-012,19.70509E+000
1,1,519,1.61976E+000,-520.00000E-012,19.74717E+000
1,1,520,1.62289E+000,-2.17200E-009,19.78951E+000
1,1,521,1.62602E+000,-632.00000E-012,19.83858E+000
1,1,522,1.62914E+000,-171.00000E-012,19.90167E+000
1,1,523,1.63227E+000,50.00000E-012,19.92563E+000
1,1,524,1.63540E+000,-1.73000E-009,19.96848E+000
1,1,525,1.63852E+000,-1.46800E-009,20.01035E+000
1,1,526,1.64165E+000,-183.00000E-012,20.03422E+000
1,1,527,1.64478E+000,413.00000E-012,20.05810E+000
1,1,528,1.64790E+000,-196.00000E-012,20.09970E+000
1,1,529,1.65103E+000,56.00000E-012,20.12358E+000
1,1,530,1.65416E+000,-527.00000E-012,20.16789E+000
1,1,531,1.65729E+000,-1.13900E-009,20.21043E+000
1,1,532,1.66041E+000,210.00000E-012,20.23430E+000
1,1,533,1.66354E+000,-564.00000E-012,20.25835E+000
1,1,534,1.66667E+000,-696.00000E-012,20.30098E+000
1,1,535,1.66979E+000,216.00000E-012,20.32485E+000
1,1,536,1.67292E+000,-495.00000E-012,20.36716E+000
1,1,537,1.67605E+000,-1.73800E-009,20.40898E+000
1,1,538,1.67917E+000,-615.00000E-012,20.46720E+000
1,1,539,1.68230E+000,-411.00000E-012,20.51171E+000
1,1,540,1.68543E+000,89.00000E-012,20.53567E+000
1,1,541,1.68856E+000,-842.00000E-012,20.57847E+000
1,1,542,1.69168E+000,372.00000E-012,20.62053E+000
1,1,543,1.69481E+000,64.00000E-012,20.64439E+000
1,1,544,1.69794E+000,-431.00000E-012,20.68813E+000
1,1,545,1.70106E+000,-731.00000E-012,20.73071E+000
1,1,546,1.70419E+000,504.00000E-012,20.75458E+000
1,1,547,1.70732E+000,-1.13800E-009,20.79861E+000
1,1,548,1.71044E+000,661.00000E-012,20.84112E+000
1,1,549,1.71357E+000,32.00000E-012,20.86505E+000
1,1,550,1.71670E+000,-676.00000E-012,20.90725E+000
1,1,551,1.71982E+000,7.00000E-012,20.96934E+000
1,1,552,1.72295E+000,-429.00000E-012,21.01148E+000
1,1,553,1.72608E+000,473.00000E-012,21.03544E+000
1,1,554,1.72921E+000,-1.24300E-009,21.07862E+000
1,1,555,1.73233E+000,213.00000E-012,21.12129E+000
1,1,556,1.73546E+000,4.00000E-012,21.14515E+000
1,1,557,1.73859E+000,-570.00000E-012,21.18726E+000
1,1,558,1.74171E+000,-2.11400E-009,21.22942E+000
1,1,559,1.74484E+000,-492.00000E-012,21.27173E+000
1,1,560,1.74797E+000,-101.00000E-012,21.29573E+000
1,1,561,1.75109E+000,-299.00000E-012,21.33868E+000
1,1,562,1.75422E+000,-247.00000E-012,21.38053E+000
1,1,563,1.75735E+000,75.00000E-012,21.40441E+000
1,1,564,1.76048E+000,-547.00000E-012,21.44765E+000
1,1,565,1.76360E+000,-2.20900E-009,21.48926E+000
1,1,566,1.76673E+000,-537.00000E-012,21.51714E+000
1,1,567,1.76986E+000,102.00000E-012,21.55877E+000
1,1,568,1.77298E+000,-321.00000E-012,21.60083E+000
1,1,569,1.77611E+000,115.00000E-012,21.62476E+000
1,1,570,1.77924E+000,-479.00000E-012,21.66804E+000
1,1,571,1.78236E+000,-529.00000E-012,21.71094E+000
1,1,572,1.78549E+000,382.00000E-012,21.73481E+000
1,1,573,1.78862E+000,734.00000E-012,21.77876E+000
1,1,574,1.79174E+000,388.00000E-012,21.82132E+000
1,1,575,1.79487E+000,42.00000E-012,21.84517E+000
1,1,576,1.79800E+000,-474.00000E-012,21.88721E+000
1,1,577,1.80113E+000,-2.15000E-009,21.92954E+000
1,1,578,1.80425E+000,-494.00000E-012,21.97171E+000
1,1,579,1.80738E+000,-319.00000E-012,21.99566E+000
1,1,580,1.81051E+000,-228.00000E-012,22.05870E+000
1,1,581,1.81363E+000,-161.00000E-012,22.10119E+000
1,1,582,1.81676E+000,19.00000E-012,22.12502E+000
1,1,583,1.81989E+000,-568.00000E-012,22.16731E+000
1,1,584,1.82301E+000,-2.18900E-009,22.20951E+000
1,1,585,1.82614E+000,-521.00000E-012,22.25174E+000
1,1,586,1.82927E+000,-257.00000E-012,22.27567E+000
1,1,587,1.83240E+000,246.00000E-012,22.31880E+000
1,1,588,1.83552E+000,606.00000E-012,22.36094E+000
1,1,589,1.83865E+000,125.00000E-012,22.38481E+000
1,1,590,1.84178E+000,-543.00000E-012,22.42788E+000
1,1,591,1.84490E+000,-817.00000E-012,22.47073E+000
1,1,592,1.84803E+000,140.00000E-012,22.49462E+000
1,1,593,1.85116E+000,-1.38400E-009,22.53852E+000
1,1,594,1.85428E+000,170.00000E-012,22.60244E+000
1,1,595,1.85741E+000,69.00000E-012,22.62638E+000
1,1,596,1.86054E+000,-1.56100E-009,22.66851E+000
1,1,597,1.86366E+000,-1.22200E-009,22.71073E+000
1,1,598,1.86679E+000,-507.00000E-012,22.73460E+000
1,1,599,1.86992E+000,174.00000E-012,22.77888E+000
1,1,600,1.87305E+000,751.00000E-012,22.82168E+000
1,1,601,1.87617E+000,-131.00000E-012,22.84561E+000
1,1,602,1.87930E+000,-694.00000E-012,22.88741E+000
1,1,603,1.88243E+000,-2.12100E-009,22.92977E+000
1,1,604,1.88555E+000,-533.00000E-012,22.97175E+000
1,1,605,1.88868E+000,152.00000E-012,22.99570E+000
1,1,606,1.89181E+000,-562.00000E-012,23.03868E+000
1,1,607,1.89493E+000,371.00000E-012,23.08047E+000
1,1,608,1.89806E+000,62.00000E-012,23.10436E+000
1,1,609,1.90119E+000,-1.18400E-009,23.16790E+000
1,1,610,1.90432E+000,469.00000E-012,23.21876E+000
1,1,611,1.90744E+000,-481.00000E-012,23.26066E+000
1,1,612,1.91057E+000,291.00000E-012,23.28455E+000
1,1,613,1.91370E+000,-464.00000E-012,23.32828E+000
1,1,614,1.91682E+000,-429.00000E-012,23.37099E+000
1,1,615,1.91995E+000,556.00000E-012,23.39484E+000
1,1,616,1.92308E+000,-1.29400E-009,23.43869E+000
1,1,617,1.92620E+000,746.00000E-012,23.48120E+000
1,1,618,1.92933E+000,67.00000E-012,23.50504E+000
1,1,619,1.93246E+000,-377.00000E-012,23.54728E+000
1,1,620,1.93558E+000,-1.99500E-009,23.58957E+000
1,1,621,1.93871E+000,-440.00000E-012,23.63178E+000
1,1,622,1.94184E+000,-477.00000E-012,23.69164E+000
1,1,623,1.94497E+000,-728.00000E-012,23.71551E+000
1,1,624,1.94809E+000,520.00000E-012,23.75856E+000
1,1,625,1.95122E+000,293.00000E-012,23.80089E+000
1,1,626,1.95435E+000,129.00000E-012,23.82474E+000
1,1,627,1.95747E+000,-736.00000E-012,23.86741E+000
1,1,628,1.96060E+000,-2.04200E-009,23.90956E+000
1,1,629,1.96373E+000,-501.00000E-012,23.95169E+000
1,1,630,1.96685E+000,347.00000E-012,23.97570E+000
1,1,631,1.96998E+000,-926.00000E-012,24.01883E+000
1,1,632,1.97311E+000,46.00000E-012,24.06085E+000
1,1,633,1.97624E+000,32.00000E-012,24.08473E+000
1,1,634,1.97936E+000,-583.00000E-012,24.12847E+000
1,1,635,1.98249E+000,-468.00000E-012,24.17100E+000
1,1,636,1.98562E+000,787.00000E-012,24.19810E+000
1,1,637,1.98874E+000,-142.00000E-012,24.24067E+000
1,1,638,1.99187E+000,212.00000E-012,24.26453E+000
1,1,639,1.99500E+000,-436.00000E-012,24.30730E+000
1,1,640,1.99812E+000,-1.62400E-009,24.34928E+000
1,1,641,2.00125E+000,-785.00000E-012,24.39096E+000
1,1,642,2.00438E+000,439.00000E-012,24.41484E+000
1,1,643,2.00750E+000,-168.00000E-012,24.45855E+000
1,1,644,2.01063E+000,500.00000E-012,24.50156E+000
1,1,645,2.01376E+000,100.00000E-012,24.52540E+000
1,1,646,2.01689E+000,-618.00000E-012,24.56735E+000
1,1,647,2.02001E+000,-2.02500E-009,24.60940E+000
1,1,648,2.02314E+000,-605.00000E-012,24.65148E+000
1,1,649,2.02627E+000,-588.00000E-012,24.67553E+000
1,1,650,2.02939E+000,-82.00000E-012,24.73877E+000
1,1,651,2.03252E+000,-390.00000E-012,24.78036E+000
1,1,652,2.03565E+000,67.00000E-012,24.80423E+000
1,1,653,2.03877E+000,-371.00000E-012,24.84794E+000
1,1,654,2.04190E+000,-623.00000E-012,24.89096E+000
1,1,655,2.04503E+000,86.00000E-012,24.91483E+000
1,1,656,2.04816E+000,380.00000E-012,24.95870E+000
1,1,657,2.05128E+000,145.00000E-012,25.00135E+000
1,1,658,2.05441E+000,184.00000E-012,25.02518E+000
1,1,659,2.05754E+000,-480.00000E-012,25.06731E+000
1,1,660,2.06066E+000,-1.84800E-009,25.10955E+000
1,1,661,2.06379E+000,-522.00000E-012,25.15146E+000
1,1,662,2.06692E+000,466.00000E-012,25.17536E+000
1,1,663,2.07004E+000,715.00000E-012,25.21895E+000
1,1,664,2.07317E+000,341.00000E-012,25.26093E+000
1,1,665,2.07630E+000,-649.00000E-012,25.30746E+000
1,1,666,2.07942E+000,-1.64100E-009,25.34945E+000
1,1,667,2.08255E+000,-482.00000E-012,25.39129E+000
1,1,668,2.08568E+000,-103.00000E-012,25.41524E+000
1,1,669,2.08881E+000,-502.00000E-012,25.45861E+000
1,1,670,2.09193E+000,1.04500E-009,25.50130E+000
1,1,671,2.09506E+000,237.00000E-012,25.52513E+000
1,1,672,2.09819E+000,-425.00000E-012,25.56735E+000
1,1,673,2.10130E+000,-2.22200E-009,25.60973E+000
1,1,674,2.10440E+000,-534.00000E-012,25.65164E+000
1,1,675,2.10760E+000,900.00000E-012,25.67557E+000
1,1,676,2.11070E+000,705.00000E-012,25.71892E+000
1,1,677,2.11380E+000,82.00000E-012,25.76075E+000
1,1,678,2.11690E+000,202.00000E-012,25.78463E+000
1,1,679,2.12010E+000,-1.20600E-009,25.83077E+000
1,1,680,2.12320E+000,-146.00000E-012,25.85464E+000
1,1,681,2.12630E+000,-1.06700E-009,25.87852E+000
1,1,682,2.12950E+000,-277.00000E-012,25.92043E+000
1,1,683,2.13260E+000,32.00000E-012,25.94431E+000
1,1,684,2.13570E+000,-395.00000E-012,25.98777E+000
1,1,685,2.13880E+000,-2.02900E-009,26.02942E+000
1,1,686,2.14200E+000,-507.00000E-012,26.07139E+000
1,1,687,2.14510E+000,-387.00000E-012,26.09525E+000
1,1,688,2.14820E+000,-656.00000E-012,26.13921E+000
1,1,689,2.15130E+000,-496.00000E-012,26.18103E+000
1,1,690,2.15450E+000,125.00000E-012,26.20491E+000
1,1,691,2.15760E+000,-423.00000E-012,26.24734E+000
1,1,692,2.16070E+000,-1.71400E-009,26.28992E+000
1,1,693,2.16390E+000,-1.10900E-009,26.33547E+000
1,1,694,2.16700E+000,373.00000E-012,26.37866E+000
1,1,695,2.17010E+000,-874.00000E-012,26.42073E+000
1,1,696,2.17320E+000,201.00000E-012,26.44460E+000
1,1,697,2.17640E+000,-435.00000E-012,26.48811E+000
1,1,698,2.17950E+000,-1.08100E-009,26.53098E+000
1,1,699,2.18260E+000,-344.00000E-012,26.55484E+000
1,1,700,2.18570E+000,-572.00000E-012,26.59866E+000
1,1,701,2.18890E+000,-571.00000E-012,26.64132E+000
1,1,702,2.19199E+000,157.00000E-012,26.66516E+000
1,1,703,2.19510E+000,-567.00000E-012,26.70740E+000
1,1,704,2.19820E+000,-2.11600E-009,26.74965E+000
1,1,705,2.20140E+000,-599.00000E-012,26.79146E+000
1,1,706,2.20450E+000,717.00000E-012,26.81530E+000
1,1,707,2.20760E+000,-633.00000E-012,26.88073E+000
1,1,708,2.21080E+000,271.00000E-012,26.90462E+000
1,1,709,2.21390E+000,-400.00000E-012,26.94736E+000
1,1,710,2.21700E+000,-2.18400E-009,26.98956E+000
1,1,711,2.22010E+000,-570.00000E-012,27.03168E+000
1,1,712,2.22330E+000,715.00000E-012,27.05562E+000
1,1,713,2.22640E+000,-394.00000E-012,27.09868E+000
1,1,714,2.22950E+000,-58.00000E-012,27.14078E+000
1,1,715,2.23260E+000,175.00000E-012,27.16466E+000
1,1,716,2.23580E+000,-547.00000E-012,27.20792E+000
1,1,717,2.23890E+000,-2.14000E-009,27.25041E+000
1,1,718,2.24200E+000,-17.00000E-012,27.27429E+000
1,1,719,2.24520E+000,-182.00000E-012,27.31887E+000
1,1,720,2.24830E+000,181.00000E-012,27.36041E+000
1,1,721,2.25140E+000,148.00000E-012,27.38429E+000
1,1,722,2.25450E+000,-522.00000E-012,27.44745E+000
1,1,723,2.25770E+000,-518.00000E-012,27.49169E+000
1,1,724,2.26080E+000,-530.00000E-012,27.51562E+000
1,1,725,2.26390E+000,-311.00000E-012,27.55880E+000
1,1,726,2.26700E+000,-324.00000E-012,27.60048E+000
1,1,727,2.27020E+000,-1.00000E-012,27.62437E+000
1,1,728,2.27330E+000,-627.00000E-012,27.66791E+000
1,1,729,2.27640E+000,-2.08900E-009,27.71042E+000
1,1,730,2.27950E+000,-254.00000E-012,27.75944E+000
1,1,731,2.28270E+000,795.00000E-012,27.80127E+000
1,1,732,2.28579E+000,29.00000E-012,27.82513E+000
1,1,733,2.28890E+000,-668.00000E-012,27.86765E+000
1,1,734,2.29210E+000,-1.88800E-009,27.90945E+000
1,1,735,2.29520E+000,-2.08500E-009,27.97026E+000
1,1,736,2.29830E+000,-423.00000E-012,28.01201E+000
1,1,737,2.30140E+000,71.00000E-012,28.03587E+000
1,1,738,2.30460E+000,383.00000E-012,28.07882E+000
1,1,739,2.30770E+000,-127.00000E-012,28.12084E+000
1,1,740,2.31080E+000,54.00000E-012,28.14470E+000
1,1,741,2.31390E+000,-508.00000E-012,28.18809E+000
1,1,742,2.31710E+000,-1.16300E-009,28.23097E+000
1,1,743,2.32020E+000,98.00000E-012,28.25483E+000
1,1,744,2.32330E+000,249.00000E-012,28.29904E+000
1,1,745,2.32650E+000,55.00000E-012,28.34173E+000
1,1,746,2.32960E+000,138.00000E-012,28.36569E+000
1,1,747,2.33270E+000,-688.00000E-012,28.40768E+000
1,1,748,2.33580E+000,-2.11500E-009,28.44975E+000
1,1,749,2.33900E+000,600.00000E-012,28.47742E+000
1,1,750,2.34210E+000,-862.00000E-012,28.51911E+000
1,1,751,2.34520E+000,859.00000E-012,28.56101E+000
1,1,752,2.34830E+000,115.00000E-012,28.58487E+000
1,1,753,2.35150E+000,-528.00000E-012,28.62824E+000
1,1,754,2.35460E+000,-2.18800E-009,28.66985E+000
1,1,755,2.35770E+000,-534.00000E-012,28.71183E+000
1,1,756,2.36090E+000,405.00000E-012,28.73571E+000
1,1,757,2.36400E+000,-42.00000E-012,28.77966E+000
1,1,758,2.36710E+000,-263.00000E-012,28.82155E+000
1,1,759,2.37020E+000,57.00000E-012,28.84541E+000
1,1,760,2.37340E+000,-786.00000E-012,28.88781E+000
1,1,761,2.37650E+000,-1.79900E-009,28.92976E+000
1,1,762,2.37960E+000,-405.00000E-012,28.97145E+000
1,1,763,2.38270E+000,-352.00000E-012,29.01991E+000
1,1,764,2.38590E+000,41.00000E-012,29.06182E+000
1,1,765,2.38900E+000,49.00000E-012,29.08574E+000
1,1,766,2.39210E+000,-614.00000E-012,29.12788E+000
1,1,767,2.39520E+000,-2.07700E-009,29.17046E+000
1,1,768,2.39840E+000,198.00000E-012,29.21926E+000
1,1,769,2.40150E+000,-163.00000E-012,29.26085E+000
1,1,770,2.40460E+000,166.00000E-012,29.28472E+000
1,1,771,2.40780E+000,-555.00000E-012,29.32778E+000
1,1,772,2.41090E+000,-1.97600E-009,29.36964E+000
1,1,773,2.41400E+000,-530.00000E-012,29.41189E+000
1,1,774,2.41710E+000,278.00000E-012,29.43576E+000
1,1,775,2.42030E+000,-72.00000E-012,29.48046E+000
1,1,776,2.42340E+000,-7.00000E-012,29.52646E+000
1,1,777,2.42650E+000,-739.00000E-012,29.56801E+000
1,1,778,2.42960E+000,-2.18000E-009,29.60988E+000
1,1,779,2.43280E+000,-410.00000E-012,29.65174E+000
1,1,780,2.43590E+000,305.00000E-012,29.67565E+000
1,1,781,2.43900E+000,-653.00000E-012,29.71942E+000
1,1,782,2.44220E+000,838.00000E-012,29.76141E+000
1,1,783,2.44530E+000,-20.00000E-012,29.78528E+000
1,1,784,2.44840E+000,-618.00000E-012,29.82852E+000
1,1,785,2.45150E+000,-1.33900E-009,29.87100E+000
1,1,786,2.45470E+000,146.00000E-012,29.89488E+000
1,1,787,2.45780E+000,-385.00000E-012,29.93941E+000
1,1,788,2.46090E+000,697.00000E-012,29.98103E+000
1,1,789,2.46399E+000,73.00000E-012,30.00490E+000
1,1,790,2.46720E+000,-1.66800E-009,30.06906E+000
1,1,791,2.47030E+000,-486.00000E-012,30.11174E+000
1,1,792,2.47340E+000,-669.00000E-012,30.13574E+000
1,1,793,2.47650E+000,-639.00000E-012,30.17955E+000
1,1,794,2.47970E+000,-873.00000E-012,30.22134E+000
1,1,795,2.48280E+000,189.00000E-012,30.24521E+000
1,1,796,2.48590E+000,-647.00000E-012,30.28849E+000
1,1,797,2.48910E+000,-1.50900E-009,30.33101E+000
1,1,798,2.49220E+000,-339.00000E-012,30.35488E+000
1,1,799,2.49530E+000,1.31800E-009,30.37901E+000
1,1,800,2.49840E+000,585.00000E-012,30.42070E+000
1,1,801,2.50160E+000,4.00000E-012,30.44459E+000
1,1,802,2.50470E+000,-515.00000E-012,30.48806E+000
1,1,803,2.50780E+000,-1.82800E-009,30.53009E+000
1,1,804,2.51090E+000,-548.00000E-012,30.60804E+000
1,1,805,2.51410E+000,-464.00000E-012,30.65219E+000
1,1,806,2.51720E+000,277.00000E-012,30.67606E+000
1,1,807,2.52030E+000,-536.00000E-012,30.72037E+000
1,1,808,2.52350E+000,1.13000E-009,30.76209E+000
1,1,809,2.52659E+000,45.00000E-012,30.78596E+000
1,1,810,2.52970E+000,-1.28900E-009,30.82874E+000
1,1,811,2.53280E+000,-1.71400E-009,30.87121E+000
1,1,812,2.53600E+000,-305.00000E-012,30.89505E+000
1,1,813,2.53910E+000,-931.00000E-012,30.91892E+000
1,1,814,2.54220E+000,952.00000E-012,30.96168E+000
1,1,815,2.54530E+000,116.00000E-012,30.98570E+000
1,1,816,2.54850E+000,-483.00000E-012,31.02813E+000
1,1,817,2.55160E+000,-2.09900E-009,31.07036E+000
1,1,818,2.55470E+000,-397.00000E-012,31.13179E+000
1,1,819,2.55780E+000,-778.00000E-012,31.15567E+000
1,1,820,2.56100E+000,439.00000E-012,31.19967E+000
1,1,821,2.56410E+000,-223.00000E-012,31.24146E+000
1,1,822,2.56720E+000,46.00000E-012,31.26532E+000
1,1,823,2.57040E+000,-663.00000E-012,31.30864E+000
1,1,824,2.57350E+000,-2.08000E-009,31.35098E+000
1,1,825,2.57660E+000,-471.00000E-012,31.39251E+000
1,1,826,2.57970E+000,-489.00000E-012,31.41636E+000
1,1,827,2.58290E+000,340.00000E-012,31.46074E+000
1,1,828,2.58600E+000,77.00000E-012,31.48462E+000
1,1,829,2.58910E+000,-665.00000E-012,31.52832E+000
1,1,830,2.59220E+000,-2.03100E-009,31.57042E+000
1,1,831,2.59540E+000,-419.00000E-012,31.61221E+000
1,1,832,2.59850E+000,481.00000E-012,31.63923E+000
1,1,833,2.60160E+000,1.03600E-009,31.68146E+000
1,1,834,2.60480E+000,116.00000E-012,31.70533E+000
1,1,835,2.60790E+000,-461.00000E-012,31.74830E+000
1,1,836,2.61100E+000,-1.83500E-009,31.79029E+000
1,1,837,2.61410E+000,-507.00000E-012,31.83206E+000
1,1,838,2.61730E+000,-214.00000E-012,31.85593E+000
1,1,839,2.62040E+000,-207.00000E-012,31.89974E+000
1,1,840,2.62350E+000,-690.00000E-012,31.94125E+000
1,1,841,2.62660E+000,153.00000E-012,31.96511E+000
1,1,842,2.62980E+000,-487.00000E-012,32.00875E+000
1,1,843,2.63290E+000,-2.26900E-009,32.05100E+000
1,1,844,2.63600E+000,-406.00000E-012,32.09252E+000
1,1,845,2.63910E+000,370.00000E-012,32.11640E+000
1,1,846,2.64230E+000,-478.00000E-012,32.17985E+000
1,1,847,2.64540E+000,338.00000E-012,32.22219E+000
1,1,848,2.64850E+000,4.00000E-012,32.24607E+000
1,1,849,2.65170E+000,-616.00000E-012,32.28873E+000
1,1,850,2.65480E+000,-2.28700E-009,32.33088E+000
1,1,851,2.65790E+000,-526.00000E-012,32.37241E+000
1,1,852,2.66100E+000,-680.00000E-012,32.39628E+000
1,1,853,2.66420E+000,-157.00000E-012,32.44064E+000
1,1,854,2.66730E+000,-73.00000E-012,32.48226E+000
1,1,855,2.67040E+000,-11.00000E-012,32.50613E+000
1,1,856,2.67350E+000,-898.00000E-012,32.54874E+000
1,1,857,2.67670E+000,-2.19000E-009,32.59046E+000
1,1,858,2.67980E+000,-355.00000E-012,32.63227E+000
1,1,859,2.68290E+000,168.00000E-012,32.65719E+000
1,1,860,2.68610E+000,41.00000E-012,32.70015E+000
1,1,861,2.68920E+000,-542.00000E-012,32.74863E+000
1,1,862,2.69230E+000,-1.11200E-009,32.79163E+000
1,1,863,2.69540E+000,71.00000E-012,32.81555E+000
1,1,864,2.69860E+000,-39.00000E-012,32.83942E+000
1,1,865,2.70170E+000,156.00000E-012,32.88180E+000
1,1,866,2.70480E+000,135.00000E-012,32.90571E+000
1,1,867,2.70790E+000,-651.00000E-012,32.94863E+000
1,1,868,2.71110E+000,-2.07000E-009,32.99054E+000
1,1,869,2.71420E+000,-471.00000E-012,33.03223E+000
1,1,870,2.71730E+000,-436.00000E-012,33.05688E+000
1,1,871,2.72050E+000,288.00000E-012,33.09999E+000
1,1,872,2.72360E+000,-23.00000E-012,33.14168E+000
1,1,873,2.72670E+000,284.00000E-012,33.16563E+000
1,1,874,2.72980E+000,-678.00000E-012,33.20877E+000
1,1,875,2.73300E+000,-479.00000E-012,33.27249E+000
1,1,876,2.73610E+000,-706.00000E-012,33.29633E+000
1,1,877,2.73920E+000,-352.00000E-012,33.34031E+000
1,1,878,2.74230E+000,688.00000E-012,33.38212E+000
1,1,879,2.74550E+000,10.00000E-012,33.40688E+000
1,1,880,2.74860E+000,-640.00000E-012,33.44877E+000
1,1,881,2.75170E+000,-2.00100E-009,33.49051E+000
1,1,882,2.75480E+000,-971.00000E-012,33.53220E+000
1,1,883,2.75800E+000,838.00000E-012,33.55686E+000
1,1,884,2.76110E+000,442.00000E-012,33.60018E+000
1,1,885,2.76420E+000,505.00000E-012,33.64189E+000
1,1,886,2.76740E+000,142.00000E-012,33.66580E+000
1,1,887,2.77050E+000,-513.00000E-012,33.70922E+000
1,1,888,2.77360E+000,-2.15700E-009,33.75102E+000
1,1,889,2.77670E+000,-628.00000E-012,33.77991E+000
1,1,890,2.77990E+000,-400.00000E-012,33.82186E+000
1,1,891,2.78300E+000,96.00000E-012,33.84580E+000
1,1,892,2.78610E+000,-616.00000E-012,33.88885E+000
1,1,893,2.78920E+000,-1.95700E-009,33.93067E+000
1,1,894,2.79240E+000,-980.00000E-012,33.97228E+000
1,1,895,2.79550E+000,-314.00000E-012,33.99719E+000
1,1,896,2.79860E+000,-1.12800E-009,34.04005E+000
1,1,897,2.80180E+000,89.00000E-012,34.08172E+000
1,1,898,2.80490E+000,189.00000E-012,34.10560E+000
1,1,899,2.80800E+000,-476.00000E-012,34.14937E+000
1,1,900,2.81110E+000,-2.07000E-009,34.19107E+000
1,1,901,2.81430E+000,-625.00000E-012,34.23260E+000
1,1,902,2.81740E+000,-62.00000E-012,34.25646E+000
1,1,903,2.82050E+000,-89.00000E-012,34.32042E+000
1,1,904,2.82360E+000,-514.00000E-012,34.36202E+000
1,1,905,2.82680E+000,265.00000E-012,34.38590E+000
1,1,906,2.82990E+000,-520.00000E-012,34.42968E+000
1,1,907,2.83300E+000,-2.18600E-009,34.47140E+000
1,1,908,2.83610E+000,-902.00000E-012,34.52039E+000
1,1,909,2.83930E+000,295.00000E-012,34.56226E+000
1,1,910,2.84240E+000,116.00000E-012,34.58719E+000
1,1,911,2.84550E+000,-560.00000E-012,34.62902E+000
1,1,912,2.84870E+000,-1.99400E-009,34.67075E+000
1,1,913,2.85180E+000,-347.00000E-012,34.71281E+000
1,1,914,2.85490E+000,-253.00000E-012,34.73739E+000
1,1,915,2.85800E+000,830.00000E-012,34.78030E+000
1,1,916,2.86120E+000,207.00000E-012,34.82188E+000
1,1,917,2.86430E+000,189.00000E-012,34.86720E+000
1,1,918,2.86740E+000,-676.00000E-012,34.90908E+000
1,1,919,2.87050E+000,-1.92300E-009,34.95071E+000
1,1,920,2.87370E+000,-1.77900E-009,34.99232E+000
1,1,921,2.87680E+000,-795.00000E-012,35.01717E+000
1,1,922,2.87990E+000,845.00000E-012,35.06062E+000
1,1,923,2.88310E+000,883.00000E-012,35.10223E+000
1,1,924,2.88620E+000,62.00000E-012,35.12610E+000
1,1,925,2.88930E+000,-561.00000E-012,35.16918E+000
1,1,926,2.89240E+000,-2.23200E-009,35.21171E+000
1,1,927,2.89560E+000,-1.39300E-009,35.26055E+000
1,1,928,2.89870E+000,-487.00000E-012,35.30225E+000
1,1,929,2.90180E+000,216.00000E-012,35.32749E+000
1,1,930,2.90490E+000,-506.00000E-012,35.36925E+000
1,1,931,2.90810E+000,-545.00000E-012,35.43341E+000
1,1,932,2.91120E+000,465.00000E-012,35.45729E+000
1,1,933,2.91430E+000,-133.00000E-012,35.50160E+000
1,1,934,2.91740E+000,150.00000E-012,35.52553E+000
1,1,935,2.92060E+000,-694.00000E-012,35.56934E+000
1,1,936,2.92370E+000,-1.94400E-009,35.61100E+000
1,1,937,2.92680E+000,-955.00000E-012,35.65277E+000
1,1,938,2.93000E+000,-560.00000E-012,35.67766E+000
1,1,939,2.93310E+000,-632.00000E-012,35.72065E+000
1,1,940,2.93620E+000,-28.00000E-012,35.76216E+000
1,1,941,2.93930E+000,149.00000E-012,35.78602E+000
1,1,942,2.94250E+000,-559.00000E-012,35.82942E+000
1,1,943,2.94560E+000,-2.07000E-009,35.87145E+000
1,1,944,2.94870E+000,109.00000E-012,35.94146E+000
1,1,945,2.95180E+000,-541.00000E-012,35.98962E+000
1,1,946,2.95500E+000,-2.07900E-009,36.03143E+000
1,1,947,2.95810E+000,-637.00000E-012,36.07346E+000
1,1,948,2.96120E+000,315.00000E-012,36.09732E+000
1,1,949,2.96440E+000,20.00000E-012,36.14091E+000
1,1,950,2.96750E+000,-562.00000E-012,36.18281E+000
1,1,951,2.97060E+000,66.00000E-012,36.20762E+000
1,1,952,2.97370E+000,-517.00000E-012,36.24942E+000
1,1,953,2.97690E+000,-2.14100E-009,36.29146E+000
1,1,954,2.98000E+000,-546.00000E-012,36.33325E+000
1,1,955,2.98310E+000,59.00000E-012,36.35812E+000
1,1,956,2.98620E+000,-620.00000E-012,36.40096E+000
1,1,957,2.98940E+000,451.00000E-012,36.44248E+000
1,1,958,2.99250E+000,53.00000E-012,36.48844E+000
1,1,959,2.99560E+000,-1.75700E-009,36.53108E+000
1,1,960,2.99870E+000,-1.67000E-009,36.57261E+000
1,1,961,3.00190E+000,191.00000E-012,36.59647E+000
1,1,962,3.00500E+000,-1.83600E-009,36.62035E+000
1,1,963,3.00810E+000,-1.43200E-009,36.66185E+000
1,1,964,3.01130E+000,249.00000E-012,36.70352E+000
1,1,965,3.01440E+000,110.00000E-012,36.72866E+000
1,1,966,3.01750E+000,-1.81000E-009,36.77098E+000
1,1,967,3.02060E+000,-2.13900E-009,36.81252E+000
1,1,968,3.02380E+000,-317.00000E-012,36.83639E+000
1,1,969,3.02690E+000,408.00000E-012,36.86025E+000
1,1,970,3.03000E+000,-836.00000E-012,36.90175E+000
1,1,971,3.03310E+000,-658.00000E-012,36.94341E+000
1,1,972,3.03630E+000,52.00000E-012,36.96867E+000
1,1,973,3.03940E+000,-1.67000E-009,37.01095E+000
1,1,974,3.04250E+000,871.00000E-012,37.03803E+000
1,1,975,3.04570E+000,-834.00000E-012,37.08133E+000
1,1,976,3.04880E+000,935.00000E-012,37.12333E+000
1,1,977,3.05189E+000,103.00000E-012,37.14719E+000
1,1,978,3.05500E+000,-561.00000E-012,37.18974E+000
1,1,979,3.05820E+000,-2.01100E-009,37.23169E+000
1,1,980,3.06130E+000,661.00000E-012,37.28101E+000
1,1,981,3.06440E+000,342.00000E-012,37.32278E+000
1,1,982,3.06750E+000,181.00000E-012,37.34743E+000
1,1,983,3.07070E+000,-598.00000E-012,37.38967E+000
1,1,984,3.07380E+000,-2.13800E-009,37.43176E+000
1,1,985,3.07690E+000,-511.00000E-012,37.47344E+000
1,1,986,3.08010E+000,362.00000E-012,37.49833E+000
1,1,987,3.08320E+000,-1.27000E-009,37.56175E+000
1,1,988,3.08630E+000,359.00000E-012,37.60356E+000
1,1,989,3.08940E+000,90.00000E-012,37.62873E+000
1,1,990,3.09260E+000,-1.65900E-009,37.67080E+000
1,1,991,3.09570E+000,-2.21200E-009,37.71239E+000
1,1,992,3.09880E+000,-565.00000E-012,37.75391E+000
1,1,993,3.10190E+000,129.00000E-012,37.77778E+000
1,1,994,3.10510E+000,311.00000E-012,37.82146E+000
1,1,995,3.10820E+000,513.00000E-012,37.86339E+000
1,1,996,3.11130E+000,-76.00000E-012,37.88727E+000
1,1,997,3.11440E+000,-525.00000E-012,37.92974E+000
1,1,998,3.11760E+000,-2.10500E-009,37.97171E+000
1,1,999,3.12070E+000,-1.23600E-009,38.02124E+000
1,1,1000,3.12380E+000,901.00000E-012,38.06286E+000
1,1,1001,3.12700E+000,171.00000E-012,38.10856E+000
1,1,1002,3.13010E+000,-1.77900E-009,38.15097E+000
1,1,1003,3.13320E+000,-2.14400E-009,38.19248E+000
1,1,1004,3.13630E+000,-374.00000E-012,38.23413E+000
1,1,1005,3.13950E+000,-352.00000E-012,38.25830E+000
1,1,1006,3.14260E+000,-23.00000E-012,38.30137E+000
1,1,1007,3.14570E+000,157.00000E-012,38.34298E+000
1,1,1008,3.14880E+000,238.00000E-012,38.36682E+000
1,1,1009,3.15200E+000,-613.00000E-012,38.40998E+000
1,1,1010,3.15510E+000,-1.94000E-009,38.45168E+000
1,1,1011,3.15820E+000,-55.00000E-012,38.50126E+000
1,1,1012,3.16140E+000,627.00000E-012,38.54288E+000
1,1,1013,3.16450E+000,211.00000E-012,38.56773E+000
1,1,1014,3.16760E+000,-427.00000E-012,38.60984E+000
1,1,1015,3.17070E+000,-885.00000E-012,38.67345E+000
1,1,1016,3.17390E+000,332.00000E-012,38.69732E+000
1,1,1017,3.17700E+000,-548.00000E-012,38.74145E+000
1,1,1018,3.18010E+000,-573.00000E-012,38.78338E+000
1,1,1019,3.18320E+000,-38.00000E-012,38.80841E+000
1,1,1020,3.18640E+000,-1.39800E-009,38.85071E+000
1,1,1021,3.18950E+000,-2.12300E-009,38.89224E+000
1,1,1022,3.19260E+000,-494.00000E-012,38.93401E+000
1,1,1023,3.19570E+000,735.00000E-012,38.95872E+000
1,1,1024,3.19890E+000,1.07300E-009,39.00156E+000
1,1,1025,3.20200E+000,153.00000E-012,39.04309E+000
1,1,1026,3.20510E+000,94.00000E-012,39.06697E+000
1,1,1027,3.20830E+000,-650.00000E-012,39.11007E+000
1,1,1028,3.21140E+000,-1.96100E-009,39.15168E+000
1,1,1029,3.21450E+000,-446.00000E-012,39.19439E+000
1,1,1030,3.21760E+000,-233.00000E-012,39.24134E+000
1,1,1031,3.22080E+000,-737.00000E-012,39.28312E+000
1,1,1032,3.22390E+000,177.00000E-012,39.30780E+000
1,1,1033,3.22700E+000,-486.00000E-012,39.34997E+000
1,1,1034,3.23010E+000,-2.03800E-009,39.39197E+000
1,1,1035,3.23330E+000,-547.00000E-012,39.43382E+000
1,1,1036,3.23640E+000,273.00000E-012,39.45871E+000
1,1,1037,3.23950E+000,-191.00000E-012,39.50158E+000
1,1,1038,3.24270E+000,634.00000E-012,39.54310E+000
1,1,1039,3.24580E+000,74.00000E-012,39.56696E+000
1,1,1040,3.24890E+000,-1.60000E-009,39.61104E+000
1,1,1041,3.25200E+000,-2.18700E-009,39.65272E+000
1,1,1042,3.25520E+000,-472.00000E-012,39.69432E+000
1,1,1043,3.25830E+000,-203.00000E-012,39.71819E+000
1,1,1044,3.26140E+000,92.00000E-012,39.74913E+000
1,1,1045,3.26450E+000,-1.59900E-009,39.79104E+000
1,1,1046,3.26770E+000,-2.19400E-009,39.83255E+000
1,1,1047,3.27080E+000,-442.00000E-012,39.87417E+000
1,1,1048,3.27390E+000,545.00000E-012,39.89864E+000
1,1,1049,3.27700E+000,-639.00000E-012,39.94168E+000
1,1,1050,3.28020E+000,-474.00000E-012,39.98318E+000
1,1,1051,3.28330E+000,216.00000E-012,40.00715E+000
1,1,1052,3.28640E+000,-1.49600E-009,40.05116E+000
1,1,1053,3.28960E+000,-1.38300E-009,40.09329E+000
1,1,1054,3.29270E+000,288.00000E-012,40.11718E+000
1,1,1055,3.29580E+000,-63.00000E-012,40.16167E+000
1,1,1056,3.29890E+000,-59.00000E-012,40.20340E+000
1,1,1057,3.30210E+000,237.00000E-012,40.22835E+000
1,1,1058,3.30520E+000,-2.18800E-009,40.29240E+000
1,1,1059,3.30830E+000,-600.00000E-012,40.33401E+000
1,1,1060,3.31140E+000,504.00000E-012,40.35792E+000
1,1,1061,3.31460E+000,844.00000E-012,40.40163E+000
1,1,1062,3.31770E+000,8.00000E-012,40.44349E+000
1,1,1063,3.32080E+000,106.00000E-012,40.46867E+000
1,1,1064,3.32400E+000,-1.36300E-009,40.51083E+000
1,1,1065,3.32710E+000,-2.24600E-009,40.55236E+000
1,1,1066,3.33020E+000,-631.00000E-012,40.59421E+000
1,1,1067,3.33330E+000,-880.00000E-012,40.61831E+000
1,1,1068,3.33650E+000,-1.69100E-009,40.66156E+000
1,1,1069,3.33960E+000,-863.00000E-012,40.70309E+000
1,1,1070,3.34270E+000,86.00000E-012,40.72706E+000
1,1,1071,3.34580E+000,-1.78500E-009,40.77162E+000
1,1,1072,3.34900E+000,734.00000E-012,40.79973E+000
1,1,1073,3.35210E+000,-526.00000E-012,40.84179E+000
1,1,1074,3.35520E+000,610.00000E-012,40.88332E+000
1,1,1075,3.35830E+000,166.00000E-012,40.90719E+000
1,1,1076,3.36150E+000,-1.55100E-009,40.95142E+000
1,1,1077,3.36460E+000,-1.89700E-009,40.99383E+000
1,1,1078,3.36770E+000,-52.00000E-012,41.01774E+000
1,1,1079,3.37090E+000,-53.00000E-012,41.06215E+000
1,1,1080,3.37400E+000,-496.00000E-012,41.11029E+000
1,1,1081,3.37710E+000,-1.95700E-009,41.15199E+000
1,1,1082,3.38020E+000,387.00000E-012,41.20186E+000
1,1,1083,3.38340E+000,-139.00000E-012,41.24366E+000
1,1,1084,3.38650E+000,133.00000E-012,41.26875E+000
1,1,1085,3.38960E+000,-547.00000E-012,41.33033E+000
1,1,1086,3.39270E+000,-1.50900E-009,41.37444E+000
1,1,1087,3.39590E+000,144.00000E-012,41.39831E+000
1,1,1088,3.39900E+000,242.00000E-012,41.44210E+000
1,1,1089,3.40210E+000,-269.00000E-012,41.48469E+000
1,1,1090,3.40530E+000,142.00000E-012,41.50858E+000
1,1,1091,3.40840E+000,-437.00000E-012,41.55035E+000
1,1,1092,3.41150E+000,-1.93300E-009,41.59219E+000
1,1,1093,3.41460E+000,-641.00000E-012,41.64176E+000
1,1,1094,3.41780E+000,-961.00000E-012,41.68462E+000
1,1,1095,3.42090E+000,5.00000E-012,41.70848E+000
1,1,1096,3.42400E+000,-894.00000E-012,41.75072E+000
1,1,1097,3.42710E+000,-2.20500E-009,41.79280E+000
1,1,1098,3.43030E+000,-259.00000E-012,41.84191E+000
1,1,1099,3.43340E+000,551.00000E-012,41.87958E+000
1,1,1100,3.43650E+000,-1.36300E-009,41.92192E+000
1,1,1101,3.43960E+000,-1.04800E-009,41.96345E+000
1,1,1102,3.44280E+000,83.00000E-012,41.98731E+000
1,1,1103,3.44590E+000,-1.62600E-009,42.03163E+000
1,1,1104,3.44900E+000,-357.00000E-012,42.07428E+000
1,1,1105,3.45220E+000,-16.00000E-012,42.09840E+000
1,1,1106,3.45530E+000,-17.00000E-012,42.14186E+000
1,1,1107,3.45840E+000,-206.00000E-012,42.18350E+000
1,1,1108,3.46150E+000,89.00000E-012,42.20833E+000
1,1,1109,3.46470E+000,-1.14000E-009,42.25098E+000
1,1,1110,3.46780E+000,-2.13200E-009,42.29250E+000
1,1,1111,3.47090E+000,-449.00000E-012,42.33401E+000
1,1,1112,3.47400E+000,177.00000E-012,42.35794E+000
1,1,1113,3.47720E+000,-1.87600E-009,42.42212E+000
1,1,1114,3.48030E+000,-380.00000E-012,42.46373E+000
1,1,1115,3.48340E+000,149.00000E-012,42.48760E+000
1,1,1116,3.48660E+000,-1.47900E-009,42.53138E+000
1,1,1117,3.48970E+000,-426.00000E-012,42.57422E+000
1,1,1118,3.49280E+000,-643.00000E-012,42.59809E+000
1,1,1119,3.49590E+000,-560.00000E-012,42.64214E+000
1,1,1120,3.49910E+000,-431.00000E-012,42.68390E+000
1,1,1121,3.50220E+000,101.00000E-012,42.70867E+000
1,1,1122,3.50530E+000,-1.17000E-009,42.75105E+000
1,1,1123,3.50840E+000,-2.07500E-009,42.79256E+000
1,1,1124,3.51160E+000,-445.00000E-012,42.83411E+000
1,1,1125,3.51470E+000,-796.00000E-012,42.85867E+000
1,1,1126,3.51780E+000,-797.00000E-012,42.90211E+000
1,1,1127,3.52100E+000,-914.00000E-012,42.94362E+000
1,1,1128,3.52410E+000,-741.00000E-012,42.99059E+000
1,1,1129,3.52720E+000,-452.00000E-012,43.03438E+000
1,1,1130,3.53030E+000,201.00000E-012,43.05825E+000
1,1,1131,3.53350E+000,-74.00000E-012,43.10213E+000
1,1,1132,3.53660E+000,120.00000E-012,43.14407E+000
1,1,1133,3.53969E+000,69.00000E-012,43.16865E+000
1,1,1134,3.54280E+000,-992.00000E-012,43.21096E+000
1,1,1135,3.54600E+000,-2.11900E-009,43.25256E+000
1,1,1136,3.54910E+000,-500.00000E-012,43.29418E+000
1,1,1137,3.55220E+000,-222.00000E-012,43.31872E+000
1,1,1138,3.55530E+000,-1.05400E-009,43.36204E+000
1,1,1139,3.55850E+000,-276.00000E-012,43.40359E+000
1,1,1140,3.56160E+000,82.00000E-012,43.42745E+000
1,1,1141,3.56470E+000,77.00000E-012,43.49380E+000
1,1,1142,3.56790E+000,49.00000E-012,43.51872E+000
1,1,1143,3.57100E+000,179.00000E-012,43.56300E+000
1,1,1144,3.57410E+000,15.00000E-012,43.58688E+000
1,1,1145,3.57720E+000,-637.00000E-012,43.63060E+000
1,1,1146,3.58040E+000,-1.87000E-009,43.67209E+000
1,1,1147,3.58350E+000,-376.00000E-012,43.71403E+000
1,1,1148,3.58660E+000,181.00000E-012,43.73832E+000
1,1,1149,3.58970E+000,616.00000E-012,43.78249E+000
1,1,1150,3.59290E+000,67.00000E-012,43.82400E+000
1,1,1151,3.59600E+000,70.00000E-012,43.84786E+000
1,1,1152,3.59910E+000,-1.68300E-009,43.89161E+000
1,1,1153,3.60230E+000,-435.00000E-012,43.93427E+000
1,1,1154,3.60540E+000,-7.00000E-012,43.95815E+000
1,1,1155,3.60850E+000,-132.00000E-012,44.00229E+000
1,1,1156,3.61160E+000,560.00000E-012,44.06211E+000
1,1,1157,3.61480E+000,-1.47700E-009,44.11141E+000
1,1,1158,3.61790E+000,-1.78800E-009,44.15351E+000
1,1,1159,3.62100E+000,697.00000E-012,44.20247E+000
1,1,1160,3.62410E+000,-725.00000E-012,44.25077E+000
1,1,1161,3.62730E+000,-2.18200E-009,44.29284E+000
1,1,1162,3.63040E+000,-665.00000E-012,44.34251E+000
1,1,1163,3.63350E+000,184.00000E-012,44.36755E+000
1,1,1164,3.63660E+000,-724.00000E-012,44.41074E+000
1,1,1165,3.63980E+000,-1.84700E-009,44.45226E+000
1,1,1166,3.64290E+000,-208.00000E-012,44.49406E+000
1,1,1167,3.64600E+000,360.00000E-012,44.51829E+000
1,1,1168,3.64920E+000,-531.00000E-012,44.58387E+000
1,1,1169,3.65230E+000,173.00000E-012,44.60778E+000
1,1,1170,3.65540E+000,-682.00000E-012,44.65079E+000
1,1,1171,3.65850E+000,-1.97500E-009,44.69258E+000
1,1,1172,3.66170E+000,-130.00000E-012,44.74255E+000
1,1,1173,3.66480E+000,-144.00000E-012,44.78411E+000
1,1,1174,3.66790E+000,171.00000E-012,44.80890E+000
1,1,1175,3.67100E+000,-522.00000E-012,44.85079E+000
1,1,1176,3.67419E+000,-1.88600E-009,44.89231E+000
1,1,1177,3.67730E+000,-234.00000E-012,44.93406E+000
1,1,1178,3.68040E+000,494.00000E-012,44.95861E+000
1,1,1179,3.68360E+000,1.20000E-009,45.00245E+000
1,1,1180,3.68670E+000,-567.00000E-012,45.04402E+000
1,1,1181,3.68980E+000,61.00000E-012,45.06868E+000
1,1,1182,3.69290E+000,91.00000E-012,45.13182E+000
1,1,1183,3.69610E+000,-1.62800E-009,45.17348E+000
1,1,1184,3.69920E+000,909.00000E-012,45.19839E+000
1,1,1185,3.70230E+000,-267.00000E-012,45.24229E+000
1,1,1186,3.70540E+000,364.00000E-012,45.28381E+000
1,1,1187,3.70860E+000,87.00000E-012,45.30768E+000
1,1,1188,3.71170E+000,-1.55500E-009,45.35172E+000
1,1,1189,3.71480E+000,-508.00000E-012,45.39455E+000
1,1,1190,3.71790E+000,119.00000E-012,45.41840E+000
1,1,1191,3.72110E+000,-559.00000E-012,45.46243E+000
1,1,1192,3.72420E+000,-181.00000E-012,45.50405E+000
1,1,1193,3.72730E+000,77.00000E-012,45.52869E+000
1,1,1194,3.73050E+000,-797.00000E-012,45.57092E+000
1,1,1195,3.73360E+000,-2.02700E-009,45.61245E+000
1,1,1196,3.73670E+000,-485.00000E-012,45.65413E+000
1,1,1197,3.73980E+000,-581.00000E-012,45.71103E+000
1,1,1198,3.74300E+000,-1.97800E-009,45.75283E+000
1,1,1199,3.74610E+000,-332.00000E-012,45.79438E+000
1,1,1200,3.74920E+000,-99.00000E-012,45.81900E+000
1,1,1201,3.75230E+000,-353.00000E-012,45.86229E+000
1,1,1202,3.75550E+000,-269.00000E-012,45.90381E+000
1,1,1203,3.75860E+000,256.00000E-012,45.92769E+000
1,1,1204,3.76170E+000,-1.35200E-009,45.97164E+000
1,1,1205,3.76490E+000,-404.00000E-012,46.01440E+000
1,1,1206,3.76800E+000,-154.00000E-012,46.03826E+000
1,1,1207,3.77110E+000,-384.00000E-012,46.08226E+000
1,1,1208,3.77420E+000,536.00000E-012,46.12399E+000
1,1,1209,3.77740E+000,108.00000E-012,46.14832E+000
1,1,1210,3.78050E+000,65.00000E-012,46.21408E+000
1,1,1211,3.78360E+000,317.00000E-012,46.23797E+000
1,1,1212,3.78670E+000,-1.47800E-009,46.28290E+000
1,1,1213,3.78990E+000,-711.00000E-012,46.33089E+000
1,1,1214,3.79300E+000,-1.55300E-009,46.37382E+000
1,1,1215,3.79610E+000,83.00000E-012,46.39767E+000
1,1,1216,3.79920E+000,1.10800E-009,46.44241E+000
1,1,1217,3.80240E+000,300.00000E-012,46.48400E+000
1,1,1218,3.80550E+000,118.00000E-012,46.50892E+000
1,1,1219,3.80860E+000,-630.00000E-012,46.55086E+000
1,1,1220,3.81180E+000,-1.89500E-009,46.59237E+000
1,1,1221,3.81490E+000,-1.27700E-009,46.63406E+000
1,1,1222,3.81800E+000,88.00000E-012,46.65838E+000
1,1,1223,3.82110E+000,-468.00000E-012,46.70221E+000
1,1,1224,3.82430E+000,-587.00000E-012,46.76426E+000
1,1,1225,3.82740E+000,32.00000E-012,46.78898E+000
1,1,1226,3.83050E+000,-1.55500E-009,46.83184E+000
1,1,1227,3.83360E+000,-2.25100E-009,46.87337E+000
1,1,1228,3.83680E+000,-486.00000E-012,46.91492E+000
1,1,1229,3.83990E+000,86.00000E-012,46.93904E+000
1,1,1230,3.84300E+000,-661.00000E-012,46.98209E+000
1,1,1231,3.84620E+000,1.08800E-009,47.02362E+000
1,1,1232,3.84929E+000,139.00000E-012,47.04910E+000
1,1,1233,3.85240E+000,-621.00000E-012,47.09090E+000
1,1,1234,3.85550E+000,-2.02900E-009,47.13267E+000
1,1,1235,3.85870E+000,-983.00000E-012,47.17422E+000
1,1,1236,3.86180E+000,-532.00000E-012,47.19827E+000
1,1,1237,3.86490E+000,266.00000E-012,47.24214E+000
1,1,1238,3.86800E+000,-188.00000E-012,47.28371E+000
1,1,1239,3.87120E+000,-1.74600E-009,47.33197E+000
1,1,1240,3.87430E+000,-2.24000E-009,47.37359E+000
1,1,1241,3.87740E+000,323.00000E-012,47.39837E+000
1,1,1242,3.88060E+000,574.00000E-012,47.44238E+000
1,1,1243,3.88370E+000,-477.00000E-012,47.48390E+000
1,1,1244,3.88680E+000,91.00000E-012,47.50776E+000
1,1,1245,3.88990E+000,-1.50500E-009,47.55162E+000
1,1,1246,3.89310E+000,-977.00000E-012,47.59428E+000
1,1,1247,3.89620E+000,685.00000E-012,47.61817E+000
1,1,1248,3.89930E+000,-578.00000E-012,47.66205E+000
1,1,1249,3.90240E+000,-355.00000E-012,47.70492E+000
1,1,1250,3.90560E+000,143.00000E-012,47.72886E+000
1,1,1251,3.90870E+000,-387.00000E-012,47.77071E+000
1,1,1252,3.91180E+000,59.00000E-012,47.83559E+000
1,1,1253,3.91490E+000,187.00000E-012,47.85949E+000
1,1,1254,3.91810E+000,-430.00000E-012,47.90228E+000
1,1,1255,3.92120E+000,-542.00000E-012,47.95080E+000
1,1,1256,3.92430E+000,-1.98800E-009,47.99260E+000
1,1,1257,3.92750E+000,-292.00000E-012,48.04215E+000
1,1,1258,3.93060E+000,1.23300E-009,48.08397E+000
1,1,1259,3.93370E+000,142.00000E-012,48.10871E+000
1,1,1260,3.93680E+000,-524.00000E-012,48.15090E+000
1,1,1261,3.94000E+000,-2.06900E-009,48.19242E+000
1,1,1262,3.94310E+000,-2.04500E-009,48.23401E+000
1,1,1263,3.94620E+000,-210.00000E-012,48.25871E+000
1,1,1264,3.94930E+000,-834.00000E-012,48.30208E+000
1,1,1265,3.95250E+000,-453.00000E-012,48.34356E+000
1,1,1266,3.95560E+000,-1.10300E-009,48.40321E+000
1,1,1267,3.95870E+000,262.00000E-012,48.42709E+000
1,1,1268,3.96190E+000,-1.13200E-009,48.47142E+000
1,1,1269,3.96500E+000,-2.12800E-009,48.51344E+000
1,1,1270,3.96810E+000,-450.00000E-012,48.55495E+000
1,1,1271,3.97120E+000,-909.00000E-012,48.57881E+000
1,1,1272,3.97440E+000,788.00000E-012,48.62258E+000
1,1,1273,3.97750E+000,-471.00000E-012,48.67077E+000
1,1,1274,3.98060E+000,-2.15300E-009,48.71283E+000
1,1,1275,3.98370E+000,-1.02200E-009,48.76194E+000
1,1,1276,3.98690E+000,908.00000E-012,48.80402E+000
1,1,1277,3.99000E+000,68.00000E-012,48.82838E+000
1,1,1278,3.99310E+000,-666.00000E-012,48.87086E+000
1,1,1279,3.99620E+000,-399.00000E-012,48.93080E+000
1,1,1280,3.99940E+000,-1.94600E-009,48.97261E+000
1,1,1281,4.00250E+000,-536.00000E-012,49.01527E+000
1,1,1282,4.00560E+000,-625.00000E-012,49.03912E+000
1,1,1283,4.00880E+000,-683.00000E-012,49.08237E+000
1,1,1284,4.01190E+000,-1.54100E-009,49.12535E+000
1,1,1285,4.01499E+000,173.00000E-012,49.14922E+000
1,1,1286,4.01810E+000,-558.00000E-012,49.19091E+000
1,1,1287,4.02130E+000,-1.93200E-009,49.23259E+000
1,1,1288,4.02440E+000,-548.00000E-012,49.27518E+000
1,1,1289,4.02750E+000,-1.21900E-009,49.29905E+000
1,1,1290,4.03060E+000,36.00000E-012,49.34242E+000
1,1,1291,4.03380E+000,-842.00000E-012,49.38399E+000
1,1,1292,4.03690E+000,184.00000E-012,49.40834E+000
1,1,1293,4.04000E+000,636.00000E-012,49.43886E+000
1,1,1294,4.04320E+000,1.02700E-009,49.48221E+000
1,1,1295,4.04630E+000,436.00000E-012,49.52374E+000
1,1,1296,4.04940E+000,129.00000E-012,49.54761E+000
1,1,1297,4.05250E+000,-1.41400E-009,49.59171E+000
1,1,1298,4.05570E+000,-532.00000E-012,49.63458E+000
1,1,1299,4.05880E+000,-274.00000E-012,49.65843E+000
1,1,1300,4.06190E+000,-1.23400E-009,49.70232E+000
1,1,1301,4.06500E+000,-394.00000E-012,49.75081E+000
1,1,1302,4.06820E+000,-2.21200E-009,49.79292E+000
1,1,1303,4.07130E+000,-606.00000E-012,49.83525E+000
1,1,1304,4.07440E+000,554.00000E-012,49.85911E+000
1,1,1305,4.07750E+000,-1.09000E-009,49.90232E+000
1,1,1306,4.08070E+000,1.12100E-009,49.96445E+000
1,1,1307,4.08379E+000,-43.00000E-012,49.98865E+000
1,1,1308,4.08690E+000,-2.26600E-009,50.03327E+000
1,1,1309,4.09010E+000,-559.00000E-012,50.07486E+000
1,1,1310,4.09320E+000,71.00000E-012,50.09874E+000
1,1,1311,4.09630E+000,1.48000E-009,50.14234E+000
1,1,1312,4.09940E+000,-666.00000E-012,50.19099E+000
1,1,1313,4.10260E+000,-2.03600E-009,50.23274E+000
1,1,1314,4.10570E+000,-519.00000E-012,50.28218E+000
1,1,1315,4.10880E+000,590.00000E-012,50.32392E+000
1,1,1316,4.11190E+000,167.00000E-012,50.34774E+000
1,1,1317,4.11510E+000,-402.00000E-012,50.39082E+000
1,1,1318,4.11820E+000,-2.08100E-009,50.43259E+000
1,1,1319,4.12130E+000,693.00000E-012,50.48224E+000
1,1,1320,4.12450E+000,-2.15400E-009,50.53278E+000
1,1,1321,4.12760E+000,-976.00000E-012,50.58227E+000
1,1,1322,4.13070E+000,1.73200E-009,50.62380E+000
1,1,1323,4.13380E+000,140.00000E-012,50.64767E+000
1,1,1324,4.13700E+000,-1.37500E-009,50.69165E+000
1,1,1325,4.14010E+000,-493.00000E-012,50.73463E+000
1,1,1326,4.14320E+000,-339.00000E-012,50.75859E+000
1,1,1327,4.14630E+000,-1.50800E-009,50.80192E+000
1,1,1328,4.14950E+000,-934.00000E-012,50.84376E+000
1,1,1329,4.15260E+000,348.00000E-012,50.86836E+000
1,1,1330,4.15570E+000,-435.00000E-012,50.91086E+000
1,1,1331,4.15880E+000,-1.85400E-009,50.95237E+000
1,1,1332,4.16200E+000,-1.65700E-009,50.99407E+000
1,1,1333,4.16510E+000,2.52100E-009,51.04013E+000
1,1,1334,4.16820E+000,620.00000E-012,51.08210E+000
1,1,1335,4.17140E+000,761.00000E-012,51.12362E+000
1,1,1336,4.17450E+000,-35.00000E-012,51.14750E+000
1,1,1337,4.17760E+000,-1.54500E-009,51.19167E+000
1,1,1338,4.18070E+000,-528.00000E-012,51.23453E+000
1,1,1339,4.18390E+000,-71.00000E-012,51.25839E+000
1,1,1340,4.18700E+000,-636.00000E-012,51.30217E+000
1,1,1341,4.19010E+000,487.00000E-012,51.34392E+000
1,1,1342,4.19320E+000,-24.00000E-012,51.36867E+000
1,1,1343,4.19640E+000,-676.00000E-012,51.41106E+000
1,1,1344,4.19950E+000,-1.99500E-009,51.45257E+000
1,1,1345,4.20260E+000,-1.81100E-009,51.49411E+000
1,1,1346,4.20580E+000,-2.30500E-009,51.51834E+000
1,1,1347,4.20890E+000,1.47600E-009,51.58385E+000
1,1,1348,4.21200E+000,-54.00000E-012,51.60772E+000
1,1,1349,4.21510E+000,-331.00000E-012,51.65087E+000
1,1,1350,4.21830E+000,-1.80500E-009,51.69239E+000
1,1,1351,4.22140E+000,-1.85500E-009,51.73401E+000
1,1,1352,4.22450E+000,628.00000E-012,51.75787E+000
1,1,1353,4.22760E+000,-1.50300E-009,51.78177E+000
1,1,1354,4.23080E+000,-2.06700E-009,51.82330E+000
1,1,1355,4.23390E+000,156.00000E-012,51.84717E+000
1,1,1356,4.23700E+000,-1.29800E-009,51.89164E+000
1,1,1357,4.24020E+000,-1.12000E-009,51.93424E+000
1,1,1358,4.24330E+000,283.00000E-012,51.95811E+000
1,1,1359,4.24640E+000,835.00000E-012,52.00224E+000
1,1,1360,4.24950E+000,-1.31400E-009,52.04392E+000
1,1,1361,4.25270E+000,-491.00000E-012,52.11090E+000
1,1,1362,4.25580E+000,-2.15400E-009,52.15347E+000
1,1,1363,4.25890E+000,632.00000E-012,52.17835E+000
1,1,1364,4.26200E+000,957.00000E-012,52.22218E+000
1,1,1365,4.26520E+000,185.00000E-012,52.26367E+000
1,1,1366,4.26830E+000,124.00000E-012,52.28759E+000
1,1,1367,4.27140E+000,-330.00000E-012,52.33084E+000
1,1,1368,4.27450E+000,-2.13400E-009,52.37281E+000
1,1,1369,4.27770E+000,-633.00000E-012,52.41444E+000
1,1,1370,4.28080E+000,679.00000E-012,52.43874E+000
1,1,1371,4.28390E+000,-590.00000E-012,52.48208E+000
1,1,1372,4.28710E+000,519.00000E-012,52.52365E+000
1,1,1373,4.29019E+000,120.00000E-012,52.54753E+000
1,1,1374,4.29330E+000,126.00000E-012,52.61419E+000
1,1,1375,4.29640E+000,-498.00000E-012,52.63830E+000
1,1,1376,4.29960E+000,-248.00000E-012,52.68194E+000
1,1,1377,4.30270E+000,-132.00000E-012,52.72344E+000
1,1,1378,4.30580E+000,188.00000E-012,52.74734E+000
1,1,1379,4.30890E+000,-1.27200E-009,52.79143E+000
1,1,1380,4.31210E+000,-2.28800E-009,52.83335E+000
1,1,1381,4.31520E+000,-575.00000E-012,52.87487E+000
1,1,1382,4.31830E+000,1.34500E-009,52.89873E+000
1,1,1383,4.32150E+000,-1.76100E-009,52.94232E+000
1,1,1384,4.32460E+000,204.00000E-012,52.98380E+000
1,1,1385,4.32769E+000,-24.00000E-012,53.00766E+000
1,1,1386,4.33080E+000,-1.03800E-009,53.05138E+000
1,1,1387,4.33400E+000,-2.34900E-009,53.09350E+000
1,1,1388,4.33710E+000,-524.00000E-012,53.13503E+000
1,1,1389,4.34020E+000,622.00000E-012,53.18288E+000
1,1,1390,4.34330E+000,823.00000E-012,53.22444E+000
1,1,1391,4.34649E+000,-21.00000E-012,53.24890E+000
1,1,1392,4.34960E+000,-721.00000E-012,53.29103E+000
1,1,1393,4.35270E+000,-1.94700E-009,53.33254E+000
1,1,1394,4.35580E+000,-1.26900E-009,53.37410E+000
1,1,1395,4.35900E+000,444.00000E-012,53.39870E+000
1,1,1396,4.36210E+000,1.68300E-009,53.44206E+000
1,1,1397,4.36520E+000,-124.00000E-012,53.48357E+000
1,1,1398,4.36840E+000,24.00000E-012,53.50746E+000
1,1,1399,4.37150E+000,-1.60200E-009,53.55164E+000
1,1,1400,4.37460E+000,-670.00000E-012,53.59451E+000
1,1,1401,4.37770E+000,-548.00000E-012,53.61834E+000
1,1,1402,4.38089E+000,-847.00000E-012,53.66220E+000
1,1,1403,4.38400E+000,-528.00000E-012,53.71082E+000
1,1,1404,4.38709E+000,-2.33800E-009,53.75339E+000
1,1,1405,4.39020E+000,710.00000E-012,53.77885E+000
1,1,1406,4.39340E+000,403.00000E-012,53.82209E+000
1,1,1407,4.39650E+000,1.25800E-009,53.86359E+000
1,1,1408,4.39960E+000,71.00000E-012,53.88748E+000
1,1,1409,4.40280E+000,-1.07300E-009,53.93141E+000
1,1,1410,4.40590E+000,-2.34100E-009,53.97343E+000
1,1,1411,4.40900E+000,-589.00000E-012,54.01506E+000
1,1,1412,4.41210E+000,687.00000E-012,54.03892E+000
1,1,1413,4.41530E+000,-127.00000E-012,54.08240E+000
1,1,1414,4.41840E+000,1.82800E-009,54.12505E+000
1,1,1415,4.42150E+000,-136.00000E-012,54.14890E+000
1,1,1416,4.42460E+000,145.00000E-012,54.21424E+000
1,1,1417,4.42780E+000,-249.00000E-012,54.23811E+000
1,1,1418,4.43090E+000,-289.00000E-012,54.28204E+000
1,1,1419,4.43400E+000,-3.00000E-012,54.32414E+000
1,1,1420,4.43710E+000,69.00000E-012,54.34801E+000
1,1,1421,4.44030E+000,-955.00000E-012,54.39140E+000
1,1,1422,4.44340E+000,-1.35800E-009,54.43409E+000
1,1,1423,4.44650E+000,-461.00000E-012,54.45796E+000
1,1,1424,4.44970E+000,2.08600E-009,54.50211E+000
1,1,1425,4.45280E+000,-637.00000E-012,54.54387E+000
1,1,1426,4.45590E+000,177.00000E-012,54.56876E+000
1,1,1427,4.45900E+000,-759.00000E-012,54.61097E+000
1,1,1428,4.46220E+000,-1.96200E-009,54.65249E+000
1,1,1429,4.46530E+000,-1.97200E-009,54.69405E+000
1,1,1430,4.46840E+000,-226.00000E-012,54.71877E+000
1,1,1431,4.47150E+000,1.26200E-009,54.78227E+000
1,1,1432,4.47470E+000,-1.58600E-009,54.83161E+000
1,1,1433,4.47780E+000,-1.08500E-009,54.87431E+000
1,1,1434,4.48090E+000,1.58200E-009,54.89819E+000
1,1,1435,4.48410E+000,-198.00000E-012,54.94199E+000
1,1,1436,4.48720E+000,1.22500E-009,54.98352E+000
1,1,1437,4.49030E+000,146.00000E-012,55.00739E+000
1,1,1438,4.49340E+000,-423.00000E-012,55.05083E+000
1,1,1439,4.49660E+000,-2.12700E-009,55.09285E+000
1,1,1440,4.49970E+000,740.00000E-012,55.14185E+000
1,1,1441,4.50280E+000,-1.18000E-009,55.18347E+000
1,1,1442,4.50590E+000,271.00000E-012,55.20876E+000
1,1,1443,4.50910E+000,-531.00000E-012,55.25080E+000
1,1,1444,4.51220E+000,179.00000E-012,55.29031E+000
1,1,1445,4.51530E+000,-1.93300E-009,55.33206E+000
1,1,1446,4.51840E+000,-2.28500E-009,55.37358E+000
1,1,1447,4.52160E+000,-634.00000E-012,55.41513E+000
1,1,1448,4.52470E+000,23.00000E-012,55.44034E+000
1,1,1449,4.52780E+000,-250.00000E-012,55.48225E+000
1,1,1450,4.53100E+000,117.00000E-012,55.52377E+000
1,1,1451,4.53410E+000,21.00000E-012,55.54764E+000
1,1,1452,4.53720E+000,-347.00000E-012,55.59075E+000
1,1,1453,4.54030E+000,-2.21800E-009,55.63335E+000
1,1,1454,4.54350E+000,-683.00000E-012,55.67487E+000
1,1,1455,4.54660E+000,-865.00000E-012,55.69874E+000
1,1,1456,4.54970E+000,-1.33500E-009,55.74229E+000
1,1,1457,4.55280E+000,-2.06400E-009,55.78533E+000
1,1,1458,4.55600E+000,-631.00000E-012,55.83542E+000
1,1,1459,4.55910E+000,714.00000E-012,55.85929E+000
1,1,1460,4.56220E+000,-1.49100E-009,55.90200E+000
1,1,1461,4.56540E+000,2.54100E-009,55.94403E+000
1,1,1462,4.56850E+000,-61.00000E-012,55.96889E+000
1,1,1463,4.57160E+000,-719.00000E-012,56.01096E+000
1,1,1464,4.57470E+000,-1.99700E-009,56.05247E+000
1,1,1465,4.57790E+000,-1.94500E-009,56.09402E+000
1,1,1466,4.58100E+000,-1.30100E-009,56.11897E+000
1,1,1467,4.58410E+000,2.30600E-009,56.16224E+000
1,1,1468,4.58720E+000,-563.00000E-012,56.20375E+000
1,1,1469,4.59040E+000,189.00000E-012,56.22760E+000
1,1,1470,4.59350E+000,-411.00000E-012,56.27083E+000
1,1,1471,4.59660E+000,-1.88100E-009,56.31250E+000
1,1,1472,4.59970E+000,1.29900E-009,56.36257E+000
1,1,1473,4.60290E+000,-805.00000E-012,56.40436E+000
1,1,1474,4.60600E+000,125.00000E-012,56.42823E+000
1,1,1475,4.60910E+000,-1.20800E-009,56.47142E+000
1,1,1476,4.61230E+000,-2.31000E-009,56.51342E+000
1,1,1477,4.61540E+000,-605.00000E-012,56.55495E+000
1,1,1478,4.61850E+000,1.17400E-009,56.57884E+000
1,1,1479,4.62160E+000,1.59000E-009,56.62230E+000
1,1,1480,4.62480E+000,706.00000E-012,56.66535E+000
1,1,1481,4.62790E+000,-163.00000E-012,56.68922E+000
1,1,1482,4.63100E+000,-684.00000E-012,56.73084E+000
1,1,1483,4.63410E+000,-2.23900E-009,56.77267E+000
1,1,1484,4.63730E+000,-669.00000E-012,56.81510E+000
1,1,1485,4.64040E+000,397.00000E-012,56.83904E+000
1,1,1486,4.64350E+000,-2.14200E-009,56.90198E+000
1,1,1487,4.64670E+000,-334.00000E-012,56.95087E+000
1,1,1488,4.64980E+000,-1.75900E-009,56.99239E+000
1,1,1489,4.65290E+000,-2.03200E-009,57.03412E+000
1,1,1490,4.65600E+000,-537.00000E-012,57.05832E+000
1,1,1491,4.65920E+000,-918.00000E-012,57.10196E+000
1,1,1492,4.66230E+000,-571.00000E-012,57.14348E+000
1,1,1493,4.66540E+000,218.00000E-012,57.16735E+000
1,1,1494,4.66850E+000,-988.00000E-012,57.21129E+000
1,1,1495,4.67170E+000,-2.20100E-009,57.25342E+000
1,1,1496,4.67480E+000,-630.00000E-012,57.29506E+000
1,1,1497,4.67790E+000,209.00000E-012,57.31893E+000
1,1,1498,4.68110E+000,-1.22500E-009,57.36229E+000
1,1,1499,4.68420E+000,19.00000E-012,57.40917E+000
1,1,1500,4.68730E+000,-580.00000E-012,57.45108E+000
1,1,1501,4.69040E+000,-2.06800E-009,57.49260E+000
1,1,1502,4.69360E+000,-1.93700E-009,57.53414E+000
1,1,1503,4.69670E+000,1.15000E-009,57.55865E+000
1,1,1504,4.69980E+000,-425.00000E-012,57.60179E+000
1,1,1505,4.70290E+000,794.00000E-012,57.64333E+000
1,1,1506,4.70610E+000,406.00000E-012,57.66718E+000
1,1,1507,4.70920E+000,-1.08900E-009,57.71138E+000
1,1,1508,4.71230E+000,-2.43900E-009,57.75348E+000
1,1,1509,4.71540E+000,-610.00000E-012,57.79522E+000
1,1,1510,4.71860E+000,-396.00000E-012,57.81908E+000
1,1,1511,4.72170E+000,1.17500E-009,57.86235E+000
1,1,1512,4.72480E+000,-87.00000E-012,57.90530E+000
1,1,1513,4.72800E+000,95.00000E-012,57.92917E+000
1,1,1514,4.73110E+000,2.37200E-009,57.95991E+000
1,1,1515,4.73420E+000,-823.00000E-012,58.00218E+000
1,1,1516,4.73730E+000,1.33000E-009,58.04372E+000
1,1,1517,4.74050E+000,-17.00000E-012,58.06760E+000
1,1,1518,4.74360E+000,-1.16900E-009,58.11169E+000
1,1,1519,4.74670E+000,-1.29800E-009,58.15448E+000
1,1,1520,4.74980E+000,61.00000E-012,58.17833E+000
1,1,1521,4.75300E+000,3.43800E-009,58.22209E+000
1,1,1522,4.75610E+000,624.00000E-012,58.26361E+000
1,1,1523,4.75919E+000,-47.00000E-012,58.28867E+000
1,1,1524,4.76240E+000,-762.00000E-012,58.33098E+000
1,1,1525,4.76550E+000,-1.94600E-009,58.37250E+000
1,1,1526,4.76860E+000,-2.21500E-009,58.41405E+000
1,1,1527,4.77170E+000,-794.00000E-012,58.43854E+000
1,1,1528,4.77490E+000,-614.00000E-012,58.50318E+000
1,1,1529,4.77800E+000,-411.00000E-012,58.54486E+000
1,1,1530,4.78110E+000,50.00000E-012,58.56872E+000
1,1,1531,4.78420E+000,-1.11100E-009,58.61150E+000
1,1,1532,4.78740E+000,-1.33900E-009,58.65460E+000
1,1,1533,4.79049E+000,915.00000E-012,58.67848E+000
1,1,1534,4.79360E+000,-3.12100E-009,58.72207E+000
1,1,1535,4.79670E+000,-77.00000E-012,58.76395E+000
1,1,1536,4.79990E+000,195.00000E-012,58.78859E+000
1,1,1537,4.80300E+000,-609.00000E-012,58.83119E+000
1,1,1538,4.80610E+000,-2.09400E-009,58.87285E+000
1,1,1539,4.80930E+000,7.00000E-012,58.92200E+000
1,1,1540,4.81240E+000,-1.20700E-009,58.96362E+000
1,1,1541,4.81550E+000,118.00000E-012,58.98834E+000
1,1,1542,4.81860E+000,-2.13700E-009,59.05416E+000
1,1,1543,4.82180E+000,-293.00000E-012,59.07804E+000
1,1,1544,4.82490E+000,-1.16000E-009,59.12236E+000
1,1,1545,4.82800E+000,118.00000E-012,59.16527E+000
1,1,1546,4.83110E+000,-43.00000E-012,59.18913E+000
1,1,1547,4.83430E+000,-603.00000E-012,59.23105E+000
1,1,1548,4.83740E+000,-2.22800E-009,59.27289E+000
1,1,1549,4.84050E+000,-610.00000E-012,59.31560E+000
1,1,1550,4.84370E+000,544.00000E-012,59.33944E+000
1,1,1551,4.84680E+000,-793.00000E-012,59.38238E+000
1,1,1552,4.84990E+000,960.00000E-012,59.42402E+000
1,1,1553,4.85300E+000,131.00000E-012,59.44882E+000
1,1,1554,4.85620E+000,-418.00000E-012,59.49105E+000
1,1,1555,4.85929E+000,-2.03200E-009,59.53263E+000
1,1,1556,4.86240E+000,-499.00000E-012,59.57501E+000
1,1,1557,4.86550E+000,-80.00000E-012,59.62244E+000
1,1,1558,4.86870E+000,-1.05200E-009,59.67135E+000
1,1,1559,4.87180E+000,-2.29000E-009,59.71393E+000
1,1,1560,4.87490E+000,-521.00000E-012,59.75549E+000
1,1,1561,4.87800E+000,-35.00000E-012,59.77945E+000
1,1,1562,4.88120E+000,833.00000E-012,59.82267E+000
1,1,1563,4.88430E+000,-226.00000E-012,59.86536E+000
1,1,1564,4.88740E+000,109.00000E-012,59.88922E+000
1,1,1565,4.89060E+000,-221.00000E-012,59.93095E+000
1,1,1566,4.89370E+000,-1.87300E-009,59.97279E+000
1,1,1567,4.89679E+000,-766.00000E-012,60.02222E+000
1,1,1568,4.89990E+000,1.39000E-009,60.06398E+000
1,1,1569,4.90310E+000,412.00000E-012,60.08836E+000
1,1,1570,4.90620E+000,-61.00000E-012,60.15102E+000
1,1,1571,4.90930E+000,-1.87400E-009,60.19406E+000
1,1,1572,4.91240E+000,-78.00000E-012,60.21795E+000
1,1,1573,4.91560E+000,6.00000E-012,60.24236E+000
1,1,1574,4.91870E+000,942.00000E-012,60.28532E+000
1,1,1575,4.92180E+000,-36.00000E-012,60.30922E+000
1,1,1576,4.92500E+000,-703.00000E-012,60.35116E+000
1,1,1577,4.92809E+000,-2.23400E-009,60.39282E+000
1,1,1578,4.93120E+000,-676.00000E-012,60.43548E+000
1,1,1579,4.93430E+000,876.00000E-012,60.45935E+000
1,1,1580,4.93750E+000,-2.17500E-009,60.50243E+000
1,1,1581,4.94060E+000,1.48100E-009,60.54400E+000
1,1,1582,4.94370E+000,4.00000E-012,60.56925E+000
1,1,1583,4.94680E+000,-727.00000E-012,60.61122E+000
1,1,1584,4.95000E+000,538.00000E-012,60.65840E+000
1,1,1585,4.95310E+000,2.52400E-009,60.70223E+000
1,1,1586,4.95620E+000,-411.00000E-012,60.74376E+000
1,1,1587,4.95930E+000,57.00000E-012,60.76764E+000
1,1,1588,4.96250E+000,-1.25000E-009,60.81165E+000
1,1,1589,4.96560E+000,-2.22700E-009,60.85313E+000
1,1,1590,4.96870E+000,-748.00000E-012,60.89469E+000
1,1,1591,4.97190E+000,1.73200E-009,60.91908E+000
1,1,1592,4.97500E+000,-1.35500E-009,60.96221E+000
1,1,1593,4.97810E+000,711.00000E-012,61.00373E+000
1,1,1594,4.98120E+000,-29.00000E-012,61.02761E+000
1,1,1595,4.98440E+000,-1.09500E-009,61.07143E+000
1,1,1596,4.98750E+000,-2.25800E-009,61.11347E+000
1,1,1597,4.99060E+000,-443.00000E-012,61.15504E+000
1,1,1598,4.99370E+000,-1.82900E-009,61.20382E+000
1,1,1599,4.99690E+000,82.00000E-012,61.22770E+000
1,1,1600,5.00000E+000,-767.00000E-012,61.27120E+000
